0,0,0
0.00071206,-0.00042991,-0.0019142
0.0015754,-0.00057441,-0.0040027
0.00078488,-0.0018559,-0.0036402
0.00021573,-0.0029125,-0.0034261
-0.00039929,-0.0042637,-0.0032657
-0.0010153,-0.0057682,-0.0030977
-0.0016082,-0.0073968,-0.0029332
-0.002172,-0.0091519,-0.0027706
-0.0027059,-0.011051,-0.0026069
-0.0032079,-0.013114,-0.0024399
-0.0036769,-0.015376,-0.0022734
-0.0041119,-0.017873,-0.002102
-0.004513,-0.020678,-0.0019381
-0.0048811,-0.023868,-0.0017722
-0.0052163,-0.027553,-0.0016014
-0.0055178,-0.031895,-0.0014272
-0.0057844,-0.037143,-0.0012602
-0.0060174,-0.043679,-0.0010942
-0.0062174,-0.052135,-0.00092584
-0.0063839,-0.063635,-0.00075443
-0.0065161,-0.080385,-0.0005802
-0.0066136,-0.10743,-0.00040803
-0.0066763,-0.15918,-0.00023303
-0.0067042,-0.29925,-6.11e-05
-0.0066982,-1.3051,0.00011124
-0.17681,-1.8115,-1.4721
-0.36951,-1.9212,-1.285
-0.56067,-1.9153,-1.0692
-0.74032,-1.829,-0.84175
-0.89837,-1.6918,-0.6094
-1.026,-1.5221,-0.37489
-1.1159,-1.3305,-0.13942
-1.163,-1.123,0.096423
-1.1647,-0.90226,0.33241
-1.1209,-0.66907,0.56851
-1.0339,-0.42203,0.80463
-0.90856,-0.15697,1.0407
-0.75382,0.060632,1.2028
-0.58229,0.095299,1.1417
-0.40193,0.15948,1.0464
-0.22441,0.34875,0.96422
-0.052696,0.68352,0.85428
0.11345,1.0553,0.68471
0.26016,1.2455,0.49007
0.37518,1.2518,0.28353
0.45113,1.1568,0.071535
0.48028,1.0559,-0.090007
0.46377,1.0468,-0.12156
0.43927,1.0623,-0.12431
0.4146,1.0828,-0.12421
0.38994,1.1063,-0.1241
0.3653,1.1335,-0.124
0.34069,1.1653,-0.12389
0.31609,1.2027,-0.12378
0.29152,1.2473,-0.12368
0.26697,1.3011,-0.12357
0.24244,1.3669,-0.12346
0.002268,1.4518,1.4474
0.20643,1.7205,1.3416
0.41683,1.8676,1.1858
0.62123,1.8883,1.0015
0.8106,1.8214,0.79994
0.97577,1.7019,0.59035
1.1089,1.55,0.37681
1.2035,1.3769,0.16135
1.2549,1.1886,-0.055125
1.2607,0.98836,-0.27207
1.2203,0.77712,-0.48931
1.1358,0.5542,-0.70667
1.0108,0.31653,-0.92413
0.85154,0.058389,-1.1405
0.67886,-0.10282,-1.23
0.51118,-0.14801,-1.1643
0.33682,-0.24986,-1.0786
0.16393,-0.49135,-0.99193
-0.0029224,-0.85479,-0.8447
-0.15838,-1.1603,-0.64231
-0.28971,-1.2531,-0.42018
-0.38688,-1.1936,-0.19002
-0.44252,-1.0656,0.029799
-0.44402,-1.0284,0.10335
-0.42338,-1.048,0.10347
-0.4028,-1.0701,0.1036
-0.38219,-1.095,0.10373
-0.36155,-1.1234,0.10386
-0.34089,-1.156,0.10398
-0.3202,-1.1935,0.10411
-0.29949,-1.2373,0.10424
-0.27875,-1.2886,0.10437
-0.25799,-1.3494,0.10449
-0.2372,-1.422,0.10461
0.094699,1.7374,1.6409
0.30768,1.8057,1.5012
0.52393,1.8238,1.3321
0.73658,1.7855,1.1382
0.93817,1.7026,0.9322
1.12,1.585,0.72044
1.2738,1.4407,0.5059
1.3923,1.2755,0.2899
1.47,1.0932,0.073181
1.503,0.89637,-0.14394
1.4899,0.6859,-0.36124
1.431,0.46148,-0.57865
1.3293,0.22148,-0.79606
1.191,-0.013922,-0.99036
1.0373,-0.095619,-1.0132
0.88325,-0.064191,-0.90865
0.72932,-0.070397,-0.8269
0.58329,-0.076168,-0.73098
0.44939,-0.089176,-0.63178
0.33072,-0.11499,-0.54058
0.22726,-0.14264,-0.45126
0.13953,-0.16722,-0.36528
0.066513,-0.17114,-0.26907
0.011374,-0.16067,-0.17795
-0.025952,-0.12937,-0.088768
-0.043201,-0.10674,-0.037071
-0.049302,-0.10344,-0.021357
-0.05298,-0.10553,-0.014346
-0.055507,-0.10919,-0.010308
-0.057331,-0.11296,-0.0071176
-0.058466,-0.11524,-0.0032205
-0.058793,-0.11605,0.0010408
-0.058272,-0.11555,0.0052787
-0.056936,-0.11404,0.0090998
-0.054901,-0.11241,0.011693
-0.052515,-0.11219,0.012133
-0.05013,-0.11307,0.011512
-0.047896,-0.11446,0.010792
-0.045772,-0.11583,0.010475
-0.043696,-0.11727,0.010339
-0.041641,-0.11887,0.010279
-0.039596,-0.12066,0.010253
-0.037554,-0.12271,0.010239
-0.035513,-0.12505,0.010236
-0.033472,-0.12778,0.010237
-0.031432,-0.131,0.010241
-0.029392,-0.13485,0.010245
-0.027352,-0.13955,0.010245
-0.025311,-0.14539,0.010244
-0.02327,-0.15286,0.010244
-0.021229,-0.16275,0.010243
-0.019188,-0.17647,0.01024
-0.017148,-0.19675,0.010242
-0.015108,-0.22972,0.010245
-0.013067,-0.29253,0.010247
-0.011025,-0.45585,0.010249
-0.0089832,-1.3413,0.010248
-0.1751,-1.7999,-1.4636
-0.3677,-1.9109,-1.2769
-0.55854,-1.9058,-1.0613
-0.73758,-1.8199,-0.83389
-0.89473,-1.6828,-0.60155
-1.0212,-1.5131,-0.36707
-1.1097,-1.3214,-0.1316
-1.1554,-1.1136,0.10427
-1.1556,-0.89254,0.34026
-1.1102,-0.65884,0.57637
-1.0219,-0.41103,0.81248
-0.89538,-0.14469,1.0486
-0.73998,0.065805,1.2014
-0.56814,0.097473,1.1338
-0.38802,0.16996,1.0404
-0.21108,0.37054,0.95844
-0.039599,0.71393,0.84313
0.12569,1.0788,0.67114
0.27042,1.252,0.47527
0.38279,1.2481,0.26819
0.45568,1.1478,0.05596
0.481,1.0523,-0.096482
0.46262,1.0471,-0.12285
0.43792,1.0629,-0.12515
0.41308,1.0836,-0.12501
0.38827,1.1072,-0.12486
0.36349,1.1346,-0.12471
0.33873,1.1666,-0.12456
0.31401,1.2044,-0.12441
0.28932,1.2495,-0.12427
0.26465,1.3041,-0.12411
0.24002,1.3711,-0.12396
-0.015356,-1.7258,-1.6937
-0.20732,-1.9745,-1.5676
-0.40007,-2.0658,-1.3735
-0.594,-2.0458,-1.155
-0.77959,-1.9507,-0.92647
-0.94677,-1.8085,-0.69361
-1.0863,-1.6364,-0.45885
-1.1904,-1.4444,-0.22329
-1.2532,-1.2379,0.012599
-1.2713,-1.0199,0.24863
-1.2434,-0.79165,0.48472
-1.1713,-0.55257,0.72085
-1.0589,-0.3005,0.95698
-0.91252,-0.034972,1.1886
-0.74455,0.084652,1.2472
-0.56319,0.089822,1.151
-0.37761,0.16928,1.0589
-0.19786,0.38699,0.97604
-0.023552,0.77203,0.85463
0.144,1.1683,0.67995
0.2903,1.3323,0.48269
0.40408,1.3154,0.27502
0.47838,1.2076,0.062461
0.5058,1.0986,-0.10233
0.48697,1.0744,-0.14946
0.45608,1.0771,-0.16343
0.4236,1.0947,-0.16395
0.39111,1.1162,-0.16382
0.35866,1.1419,-0.1637
0.32622,1.1732,-0.16356
0.29382,1.2121,-0.16344
0.26143,1.2614,-0.16332
0.22907,1.3256,-0.16319
0.0083055,1.4235,1.4075
0.2113,1.6865,1.2975
0.41946,1.8293,1.1407
0.62054,1.8465,0.95567
0.80499,1.7771,0.75368
0.96362,1.6558,0.54388
1.0888,1.5024,0.33031
1.1743,1.3278,0.11486
1.2161,1.138,-0.1016
1.2119,0.93586,-0.31856
1.1619,0.72207,-0.53577
1.0682,0.49534,-0.75314
0.93542,0.25162,-0.97052
0.77106,0.00067826,-1.1694
0.60128,-0.1219,-1.2058
0.43263,-0.18297,-1.1294
0.25878,-0.3414,-1.0479
0.088252,-0.65343,-0.94531
-0.07555,-1.0267,-0.76615
-0.22266,-1.2416,-0.55287
-0.34102,-1.2553,-0.32644
-0.4221,-1.1533,-0.094455
-0.45676,-1.0408,0.084421
-0.44219,-1.0428,0.10575
-0.42118,-1.0634,0.10589
-0.40012,-1.0864,0.10605
-0.37904,-1.1125,0.1062
-0.35793,-1.1424,0.10635
-0.33678,-1.1766,0.10651
-0.31561,-1.2163,0.10666
-0.2944,-1.2628,0.10681
-0.27317,-1.3175,0.10697
-0.2519,-1.3827,0.10712
-0.23061,-1.4607,0.10727
0.0006601,-0.00041074,-0.0017844
0.001579,-0.0005233,-0.0039535
0.0008127,-0.0018371,-0.0036813
0.00024944,-0.0028389,-0.0034317
-0.00036827,-0.0041906,-0.003272
-0.00098723,-0.0056956,-0.0031044
-0.0015827,-0.0073227,-0.0029394
-0.0021488,-0.0090747,-0.0027762
-0.0026845,-0.010969,-0.0026131
-0.0031879,-0.013026,-0.002447
-0.0036583,-0.01528,-0.0022807
-0.0040949,-0.017767,-0.0021091
-0.0044975,-0.020559,-0.0019446
-0.0048672,-0.023731,-0.0017773
-0.0052036,-0.027393,-0.0016076
-0.0055062,-0.031706,-0.0014354
-0.0057742,-0.036912,-0.0012684
-0.0060086,-0.043387,-0.001102
-0.0062102,-0.051749,-0.0009317
-0.0063781,-0.063094,-0.00075928
-0.0065114,-0.079565,-0.00058649
-0.0066102,-0.10602,-0.00041573
-0.0066743,-0.15621,-0.00024102
-0.0067039,-0.28925,-6.71e-05
-0.0066994,-1.1981,0.0001057
0.17839,1.8298,1.4864
0.39321,2.0047,1.335
0.60565,2.0429,1.155
0.80856,1.9855,0.95532
0.99304,1.8718,0.7466
1.1507,1.7242,0.53356
1.2741,1.555,0.31833
1.3573,1.371,0.10197
1.3965,1.1759,-0.11494
1.3895,0.97157,-0.33215
1.3366,0.75857,-0.5495
1.2404,0.53603,-0.76693
1.1053,0.3014,-0.98439
0.93772,0.050686,-1.2003
0.75902,-0.095763,-1.2877
0.58775,-0.10667,-1.2093
0.40998,-0.14852,-1.1027
0.23408,-0.3203,-1.0131
0.065502,-0.66282,-0.89913
-0.094612,-1.0596,-0.7118
-0.23503,-1.2552,-0.49538
-0.34442,-1.2473,-0.2676
-0.41498,-1.1324,-0.035709
-0.43531,-1.0517,0.10015
-0.41607,-1.0708,0.10359
-0.39546,-1.0949,0.10375
-0.37482,-1.1223,0.10389
-0.35415,-1.1535,0.10403
-0.33346,-1.1893,0.10417
-0.31273,-1.2308,0.10432
-0.29198,-1.2791,0.10447
-0.2712,-1.336,0.10462
-0.25038,-1.4034,0.10477
-0.040951,-1.5365,-1.4583
-0.23317,-1.7369,-1.3162
-0.4237,-1.8033,-1.1175
-0.60633,-1.7677,-0.89704
-0.77034,-1.6625,-0.66769
-0.90623,-1.5127,-0.43443
-1.0062,-1.3337,-0.19951
-1.0646,-1.1341,0.036049
-1.0781,-0.91805,0.27199
-1.0458,-0.68717,0.50806
-0.96944,-0.44027,0.74413
-0.85334,-0.17279,0.98025
-0.70553,0.050887,1.1424
-0.53803,0.10422,1.0878
-0.36253,0.19362,0.99942
-0.19015,0.40375,0.91752
-0.022983,0.72291,0.79366
0.13621,1.0325,0.61836
0.27256,1.1697,0.42075
0.37487,1.152,0.21287
0.43636,1.0488,0.0047789
0.44747,0.99048,-0.099471
0.42786,1.0074,-0.10024
0.40795,1.0272,-0.10004
0.38807,1.0494,-0.099876
0.36823,1.0744,-0.099801
0.34839,1.1029,-0.099767
0.32856,1.1355,-0.099756
0.30873,1.1733,-0.099752
0.2889,1.2172,-0.099756
0.26906,1.269,-0.099753
0.24923,1.3303,-0.099746
0.2294,1.4036,-0.099745
-0.043026,-1.7062,-1.6623
-0.23477,-1.754,-1.5192
-0.42832,-1.7315,-1.3201
-0.62103,-1.6651,-1.0997
-0.80301,-1.561,-0.87027
-0.96429,-1.4243,-0.63699
-1.0959,-1.2606,-0.40205
-1.1905,-1.0745,-0.16644
-1.2427,-0.86905,0.069487
-1.2497,-0.64593,0.30552
-1.211,-0.40518,0.54163
-1.1287,-0.1452,0.77776
-1.0078,0.063013,0.93931
-0.86133,0.069503,0.87499
-0.71016,0.072827,0.79023
-0.56347,0.08165,0.69559
-0.42882,0.10031,0.60092
-0.31063,0.13167,0.51651
-0.20768,0.1631,0.43355
-0.12006,0.18758,0.35049
-0.046807,0.18889,0.25461
0.0074445,0.17913,0.16837
0.043482,0.15005,0.085336
0.060692,0.12851,0.035507
0.066446,0.12088,0.015905
0.068894,0.11843,0.0061007
0.069499,0.11425,-0.0028525
0.068308,0.10741,-0.011687
0.065568,0.10203,-0.016436
0.06219,0.099185,-0.017409
0.058764,0.09781,-0.01667
0.055548,0.097403,-0.015214
0.052644,0.0977,-0.013548
0.050076,0.098602,-0.011893
0.047816,0.099661,-0.010717
0.045736,0.10048,-0.010198
0.043734,0.10124,-0.0099692
0.04177,0.10209,-0.0098067
0.039837,0.10311,-0.0096479
0.037937,0.10432,-0.0094881
0.036069,0.10578,-0.0093276
0.034233,0.10751,-0.0091653
0.032428,0.10959,-0.0090015
0.030656,0.1121,-0.0088414
0.028916,0.11514,-0.0086829
0.027208,0.11887,-0.0085258
0.025532,0.12349,-0.0083678
0.023887,0.12932,-0.0082008
0.022274,0.13681,-0.0080439
0.020692,0.14671,-0.007887
0.019143,0.16029,-0.0077253
0.017627,0.17984,-0.0075633
0.016142,0.21009,-0.0074014
0.014688,0.26248,-0.0072418
0.013266,0.37287,-0.0070827
0.011876,0.72169,-0.0069292
0.06667,1.6772,1.5449
0.27761,1.9182,1.411
0.49202,2.0267,1.2459
0.70057,2.014,1.0545
0.89515,1.9267,0.8496
1.0669,1.7952,0.63844
1.208,1.6364,0.42414
1.3116,1.4595,0.20823
1.3727,1.2697,-0.0084755
1.3885,1.0699,-0.22557
1.3579,0.86121,-0.44286
1.2826,0.64337,-0.66026
1.1658,0.41474,-0.87772
1.0133,0.17132,-1.0952
0.83632,-0.048309,-1.2671
0.6624,-0.11081,-1.2549
0.48856,-0.12114,-1.1478
0.31057,-0.23176,-1.0552
0.13851,-0.5011,-0.96285
-0.026341,-0.90051,-0.80253
-0.17738,-1.2021,-0.59547
-0.30198,-1.2697,-0.37161
-0.3909,-1.1927,-0.14066
-0.43606,-1.0706,0.062061
-0.42805,-1.0598,0.10332
-0.40752,-1.0824,0.1035
-0.38694,-1.1079,0.10367
-0.36632,-1.1369,0.10384
-0.34566,-1.1701,0.10401
-0.32498,-1.2083,0.10418
-0.30426,-1.2526,0.10435
-0.28351,-1.3045,0.10451
-0.26272,-1.3658,0.10468
-0.2419,-1.4384,0.10485
0.13478,1.8929,1.6179
0.34956,2.1035,1.4721
0.56552,2.168,1.2977
0.77679,2.1252,1.1008
0.97539,2.02,0.89334
1.1526,1.878,0.68092
1.3004,1.713,0.46606
1.4117,1.5327,0.24993
1.4814,1.3414,0.033121
1.506,1.1416,-0.18403
1.4843,0.93434,-0.40134
1.4172,0.71974,-0.61877
1.3081,0.4969,-0.83622
1.1618,0.26336,-1.0537
0.98603,0.022655,-1.2628
0.80445,-0.09139,-1.3247
0.62963,-0.079968,-1.2349
0.44767,-0.10823,-1.1333
0.26883,-0.24748,-1.0424
0.097528,-0.57401,-0.9404
-0.066108,-1.028,-0.76309
-0.21291,-1.2955,-0.5503
-0.33084,-1.3182,-0.32404
-0.41151,-1.2157,-0.092181
-0.44562,-1.1051,0.084989
-0.43096,-1.1141,0.10355
-0.41037,-1.1405,0.10368
-0.38974,-1.1701,0.10381
-0.36909,-1.2038,0.10395
-0.34841,-1.2421,0.10409
-0.3277,-1.2861,0.10422
-0.30697,-1.3369,0.10436
-0.2862,-1.3959,0.1045
-0.26541,-1.4648,0.10464
-0.18995,-1.7019,-1.3546
-0.38088,-1.7945,-1.1641
-0.56615,-1.7788,-0.94696
-0.73514,-1.687,-0.71906
-0.87801,-1.5458,-0.48644
-0.98655,-1.3726,-0.2518
-1.0546,-1.1771,-0.01628
-1.0782,-0.96454,0.21959
-1.056,-0.73688,0.45565
-0.98913,-0.4936,0.69173
-0.88138,-0.231,0.92783
-0.73952,0.019906,1.1246
-0.57564,0.096595,1.1045
-0.40105,0.16484,1.0134
-0.22777,0.34508,0.932
-0.06025,0.64355,0.82405
0.10136,0.96602,0.65567
0.24333,1.1434,0.46169
0.3531,1.1535,0.2555
0.42337,1.0621,0.043981
0.44532,0.98284,-0.092656
0.42777,0.9942,-0.10017
0.40787,1.013,-0.099987
0.38801,1.0342,-0.099868
0.36817,1.058,-0.099817
0.34834,1.0851,-0.099794
0.32851,1.1162,-0.099779
0.30869,1.1522,-0.099772
0.28886,1.1942,-0.099768
0.26903,1.2436,-0.099773
0.2492,1.3023,-0.099773
0.22938,1.3727,-0.099771
0.20955,1.4576,-0.099768
0.00050442,-0.0011528,-0.0014981
0.0015883,-0.0026884,-0.003791
0.00090269,-0.0031212,-0.0037565
0.00034757,-0.0032049,-0.003453
-0.00028095,-0.0034976,-0.0032942
-0.00090918,-0.003793,-0.003125
-0.0015122,-0.004086,-0.0029585
-0.0020848,-0.0043691,-0.0027913
-0.0026252,-0.0046494,-0.0026323
-0.003133,-0.0049121,-0.0024674
-0.0036074,-0.0051618,-0.0023024
-0.0040482,-0.0053883,-0.0021281
-0.0044549,-0.0056078,-0.0019616
-0.0048283,-0.0058095,-0.0017921
-0.0051683,-0.0059989,-0.0016263
-0.0054743,-0.0061695,-0.0014585
-0.0057461,-0.0063189,-0.0012878
-0.0059846,-0.0064515,-0.0011187
-0.00619,-0.0065636,-0.00094815
-0.0063614,-0.0066537,-0.00077654
-0.0064983,-0.0067218,-0.00060561
-0.0066007,-0.0067679,-0.00043664
-0.006669,-0.0067821,-0.00026087
-0.0067026,-0.0067682,-8.39e-05
-0.0067017,-0.0067314,8.75e-05
-0.0066665,-0.0066622,0.00026106
-0.0065961,-0.0065602,0.00043465
-0.006491,-0.0064271,0.00060472
-0.0063522,-0.0062526,0.00078066
-0.0061782,-0.0060357,0.00095915
-0.005969,-0.0057801,0.0011337
-0.0057245,-0.0054764,0.0013108
-0.0054442,-0.0051238,0.0014871
-0.0051288,-0.0047185,0.0016638
-0.0047792,-0.0042597,0.0018386
-0.0043944,-0.0037351,0.0020184
-0.0039736,-0.0031497,0.0021921
-0.0035179,-0.0024903,0.0023691
-0.0030266,-0.0017469,0.0025521
-0.0024995,-0.00092206,0.0027315
-0.0019374,-1.08e-05,0.0029061
-0.0013397,0.001008,0.0030873
-0.00070617,0.002126,0.003257
-3.82e-05,0.0033704,0.0034336
0.00066523,0.0047534,0.0036153
0.0014045,0.0062848,0.0037973
0.0021799,0.0079787,0.0039769
0.0029909,0.009856,0.0041569
0.0038382,0.011937,0.0043348
0.0047214,0.014251,0.0045163
0.0056401,0.016822,0.0046946
0.0065946,0.01969,0.0048762
0.0075849,0.022893,0.0050574
0.0086115,0.026481,0.0052381
0.0096747,0.030519,0.0054216
0.010774,0.035075,0.0056046
0.01191,0.040232,0.0057821
0.013082,0.046113,0.0059668
0.014289,0.052847,0.0061473
0.015533,0.060617,0.0063291
0.016814,0.069655,0.0065138
0.018131,0.080264,0.006699
0.019485,0.092838,0.006875
0.020874,0.10796,0.0070637
0.022301,0.1264,0.0072492
0.023765,0.14931,0.0074312
0.025264,0.17844,0.0076148
0.026801,0.21651,0.0078006
0.028375,0.26805,0.0079791
0.029984,0.34105,0.0081653
0.03163,0.45054,0.0083538
0.033314,0.62621,0.0085327
0.035034,0.92322,0.0087156
0.036791,1.3898,0.0089042
-0.013571,-0.49554,-0.32806
-0.081162,-1.1271,-0.20905
-0.12899,-1.3233,-0.074633
-0.14927,-1.3881,0.026297
-0.14283,-1.4921,0.052429
-0.20623,-1.7959,-0.64354
-0.33132,-1.802,-0.4597
-0.43285,-1.6773,-0.24521
-0.49853,-1.506,-0.019339
-0.51575,-1.3963,0.13031
-0.48992,-1.3919,0.17231
-0.48408,-1.0538,-0.12078
-0.51842,-0.9422,0.048422
-0.51348,-0.87933,0.13387
-0.48537,-0.85013,0.16612
-0.45143,-0.83536,0.17855
-0.41604,-0.83092,0.17878
-0.38063,-0.82583,0.17886
-0.3452,-0.81973,0.17896
-0.30974,-0.81229,0.17906
-0.27428,-0.80303,0.17914
-0.23879,-0.79117,0.17923
-0.20328,-0.77545,0.17932
-0.16791,-0.75993,0.17363
-0.1346,-0.7589,0.15134
-0.10634,-0.78555,0.11254
-0.085921,-0.85765,0.067844
-0.073898,-0.98299,0.043972
-0.066081,-1.1815,0.031294
-0.060424,-1.4681,0.023752
-0.1098,-1.2275,-0.29733
-0.17632,-1.3513,-0.12748
-0.21474,-1.3168,0.048792
-0.2072,-1.3599,0.090422
-0.1888,-1.448,0.094856
-0.22224,-1.7851,-0.61988
-0.34298,-1.7817,-0.44132
-0.44111,-1.6564,-0.22889
-0.50361,-1.4865,-0.0050685
-0.51708,-1.385,0.13586
-0.4898,-1.3815,0.17649
-0.47066,-0.47223,-0.13938
-0.50728,-0.33471,0.026569
-0.50685,-0.25265,0.11322
-0.48295,-0.21882,0.13606
-0.45521,-0.19592,0.14487
-0.4264,-0.17998,0.1454
-0.39753,-0.16369,0.14557
-0.36863,-0.14669,0.14572
-0.33969,-0.12893,0.14588
-0.31073,-0.11037,0.14605
-0.28173,-0.090977,0.14622
-0.2527,-0.070704,0.14639
-0.22364,-0.049514,0.14655
-0.19454,-0.027443,0.14663
-0.16578,-0.012954,0.13845
-0.13942,-0.013224,0.11674
-0.11792,-0.027901,0.084279
-0.10261,-0.037941,0.061654
-0.09131,-0.042488,0.047952
-0.082431,-0.044456,0.038873
-0.075165,-0.045269,0.032306
-0.069107,-0.04558,0.027261
-0.063975,-0.045697,0.023196
-0.059598,-0.045758,0.019842
-0.055848,-0.045848,0.017012
-0.052631,-0.045995,0.014609
-0.049869,-0.046239,0.01254
-0.047478,-0.046087,0.011223
-0.045287,-0.045371,0.010646
-0.043184,-0.044373,0.010396
-0.04112,-0.04321,0.010296
-0.039072,-0.041951,0.010246
-0.037031,-0.040607,0.01022
-0.034994,-0.039175,0.010209
-0.032959,-0.037652,0.01021
-0.030924,-0.036039,0.010208
-0.02889,-0.034326,0.010208
-0.026855,-0.032505,0.010207
-0.024821,-0.030562,0.010208
-0.022786,-0.028486,0.01021
-0.020752,-0.026264,0.010214
-0.018717,-0.023889,0.010209
-0.016683,-0.021332,0.010206
-0.01465,-0.018567,0.010213
-0.012616,-0.015578,0.010216
-0.010582,-0.012343,0.010212
-0.0085477,-0.0088186,0.01021
-0.0065141,-0.0049619,0.010213
-0.0044804,-0.00072896,0.010217
-0.0024469,0.0039321,0.010215
-0.00041293,0.009097,0.010215
0.0016214,0.014856,0.010218
0.0036558,0.021304,0.010215
0.0056894,0.028583,0.010217
0.0077233,0.036856,0.010216
0.0097571,0.046349,0.010217
0.011791,0.05735,0.010224
0.013825,0.070235,0.010222
0.01586,0.085532,0.01022
0.017894,0.10399,0.010219
0.019928,0.12666,0.010217
0.021962,0.15518,0.010224
0.023997,0.19203,0.010229
0.026032,0.24135,0.010228
0.028067,0.3103,0.010224
0.030102,0.41227,0.010221
0.032137,0.57358,0.010227
0.034173,0.84481,0.010228
0.036208,1.2848,0.010226
0.069202,1.0465,0.3719
0.13852,1.361,0.23759
0.19524,1.4142,0.073458
0.221,1.3946,-0.064329
0.20861,1.4584,-0.08946
0.24147,1.8156,0.62199
0.36323,1.8317,0.47216
0.47053,1.7396,0.29378
0.54703,1.5945,0.094826
0.5826,1.4414,-0.098707
0.53862,1.1297,0.16739
0.57913,1.0327,0.010896
0.59201,0.91644,-0.14191
0.56833,0.82062,-0.24756
0.51928,0.74935,-0.30837
0.45797,0.71916,-0.31321
0.39807,0.70757,-0.29414
0.34149,0.6864,-0.28045
0.28717,0.65375,-0.27104
0.23441,0.60655,-0.26452
0.18275,0.53902,-0.2592
0.13288,0.45713,-0.23927
0.087967,0.36623,-0.19568
0.05085,0.27244,-0.12705
0.02556,0.19469,-0.053255
0.016476,0.17291,-0.027329
0.011883,0.17405,-0.017363
0.0087924,0.19603,-0.013093
0.0063499,0.27565,-0.011237
0.0041871,1.1929,-0.010431
0.069287,1.0393,0.29894
0.13151,1.3448,0.175
0.17695,1.3927,0.017385
0.18582,1.4273,-0.065604
0.16033,1.6994,0.69354
0.28825,1.8458,0.5613
0.40697,1.805,0.3968
0.5027,1.6826,0.20583
0.56195,1.5252,0.0018452
0.5757,1.4013,-0.15954
0.56395,0.49207,0.099759
0.59488,0.34845,-0.068865
0.58788,0.24264,-0.17606
0.55226,0.17,-0.23144
0.50449,0.11078,-0.26427
0.45171,0.074443,-0.26923
0.39924,0.047507,-0.26327
0.34778,0.017825,-0.25906
0.29703,-0.014366,-0.25613
0.24677,-0.048832,-0.25409
0.19684,-0.085425,-0.25266
0.14766,-0.11264,-0.2407
0.10217,-0.11466,-0.20503
0.063721,-0.08744,-0.14487
0.035058,-0.034893,-0.067078
0.023109,-0.010157,-0.031768
0.017819,-0.0022372,-0.019218
0.014449,0.00014734,-0.013887
0.011882,0.00017759,-0.011592
0.0096631,-0.00083859,-0.010603
0.0075944,-0.0023338,-0.010165
0.005591,-0.0040872,-0.0099739
0.0036188,-0.0059515,-0.0098433
0.0016728,-0.0078794,-0.0097178
-0.00024809,-0.0098659,-0.0095872
-0.002142,-0.011915,-0.0094535
-0.0040102,-0.01404,-0.0093228
-0.0058526,-0.01624,-0.0091915
-0.0076686,-0.018523,-0.0090605
-0.009458,-0.020893,-0.0089279
-0.011221,-0.023358,-0.0087965
-0.012958,-0.025921,-0.0086599
-0.014668,-0.028598,-0.0085271
-0.016351,-0.031398,-0.0083972
-0.018009,-0.034328,-0.0082671
-0.01964,-0.037401,-0.0081369
-0.021246,-0.040628,-0.0080054
-0.022825,-0.044024,-0.0078732
-0.024378,-0.047597,-0.0077332
-0.025904,-0.051384,-0.0076033
-0.027403,-0.055389,-0.0074661
-0.028876,-0.059654,-0.0073397
-0.030323,-0.06419,-0.0072052
-0.031743,-0.069034,-0.0070706
-0.033137,-0.07423,-0.0069411
-0.034504,-0.079812,-0.0068076
-0.035846,-0.085836,-0.0066754
-0.03716,-0.092357,-0.0065419
-0.038448,-0.099446,-0.0064061
-0.039709,-0.10719,-0.0062713
-0.040943,-0.11569,-0.0061354
-0.04215,-0.12508,-0.0060028
-0.04333,-0.1355,-0.0058713
-0.044485,-0.14716,-0.0057427
-0.045613,-0.16028,-0.0056067
-0.046715,-0.17517,-0.0054731
-0.04779,-0.19224,-0.0053386
-0.048839,-0.21199,-0.0052032
-0.049861,-0.23513,-0.0050684
-0.050851,-0.26245,-0.0047922
-0.051755,-0.29467,-0.0040785
-0.052487,-0.33315,-0.0029674
-0.052975,-0.38,-0.0015608
-0.053168,-0.43866,1.57e-05
-0.053043,-0.51479,0.0016257
-0.052604,-0.61804,0.0031052
-0.051889,-0.7649,0.0043218
-0.050957,-0.98156,0.0051511
-0.049893,-1.296,0.005513
-0.068465,-1.0233,-0.37087
-0.14305,-1.3302,-0.22475
-0.20002,-1.3427,-0.032124
-0.2158,-1.3307,0.084307
-0.19861,-1.4057,0.094002
-0.16699,-1.6988,-0.67682
-0.29156,-1.807,-0.52746
-0.40188,-1.7211,-0.32631
-0.48145,-1.5648,-0.10499
-0.51877,-1.4128,0.091437
-0.50494,-1.3772,0.16367
-0.45203,-1.0806,-0.19574
-0.49383,-0.99918,-0.046526
-0.51267,-0.90221,0.094117
-0.49423,-0.86917,0.13821
-0.46547,-0.85232,0.15728
-0.43393,-0.84894,0.16035
-0.40212,-0.84813,0.16053
-0.37027,-0.84718,0.1607
-0.33839,-0.84604,0.16087
-0.30647,-0.84464,0.16103
-0.27452,-0.84291,0.1612
-0.24254,-0.84069,0.16138
-0.21052,-0.83779,0.16155
-0.17851,-0.83664,0.15904
-0.14777,-0.85207,0.14271
-0.12097,-0.89763,0.11154
-0.10078,-0.98918,0.073492
-0.087585,-1.128,0.051461
-0.078242,-1.3279,0.038854
-0.079939,-1.0675,-0.35561
-0.15045,-1.3317,-0.22151
-0.20646,-1.3352,-0.029735
-0.22155,-1.3219,0.084513
-0.20426,-1.3938,0.093968
-0.15087,-1.651,-0.68594
-0.2758,-1.8075,-0.55131
-0.38907,-1.7374,-0.35476
-0.47342,-1.5873,-0.13528
-0.51735,-1.4263,0.072138
-0.50931,-1.3761,0.15919
-0.44553,-0.43836,-0.20481
-0.48746,-0.32944,-0.072334
-0.51138,-0.19749,0.074327
-0.49713,-0.15406,0.11327
-0.4736,-0.13019,0.12771
-0.44779,-0.11442,0.13261
-0.42146,-0.10289,0.13267
-0.39511,-0.091017,0.13274
-0.36875,-0.07881,0.1328
-0.34238,-0.066246,0.13287
-0.316,-0.053315,0.13293
-0.2896,-0.04,0.133
-0.26319,-0.026296,0.13306
-0.23677,-0.012183,0.13314
-0.21033,0.0023381,0.1332
-0.1839,0.015497,0.13149
-0.15842,0.017395,0.11869
-0.13616,0.0057925,0.094058
-0.11889,-0.0063408,0.071783
-0.1056,-0.012973,0.057369
-0.094894,-0.016797,0.047284
-0.086018,-0.019156,0.039736
-0.07853,-0.020724,0.033796
-0.072153,-0.021876,0.028926
-0.066693,-0.022817,0.024814
-0.062005,-0.02361,0.021316
-0.057976,-0.0243,0.018326
-0.054509,-0.024922,0.015753
-0.051526,-0.025476,0.013556
-0.04896,-0.025921,0.011736
-0.046696,-0.025669,0.010807
-0.044572,-0.024958,0.010411
-0.042509,-0.024037,0.010238
-0.040473,-0.023,0.010166
-0.038447,-0.021898,0.010132
-0.036426,-0.020742,0.010117
-0.034406,-0.019536,0.010113
-0.032388,-0.018283,0.010115
-0.03037,-0.016991,0.010111
-0.028352,-0.015647,0.010113
-0.026334,-0.014254,0.010113
-0.024315,-0.012812,0.01011
-0.022296,-0.011309,0.010113
-0.020278,-0.0097492,0.010114
-0.018259,-0.0081227,0.01012
-0.01624,-0.0064385,0.010116
-0.014221,-0.0046868,0.01011
-0.012202,-0.0028478,0.010117
-0.010182,-0.00093607,0.010117
-0.0081629,0.001062,0.010119
-0.0061441,0.0031473,0.010119
-0.0041247,0.0053298,0.010118
-0.0021048,0.0076183,0.01012
-8.46e-05,0.010013,0.010116
0.0019354,0.012534,0.01012
0.0039548,0.015181,0.010122
0.0059747,0.01797,0.010129
0.0079957,0.020903,0.010127
0.010017,0.023998,0.010126
0.012038,0.027265,0.010122
0.014059,0.03073,0.010126
0.016079,0.034405,0.010132
0.0181,0.038301,0.010133
0.020122,0.042442,0.010128
0.022143,0.046859,0.010127
0.024165,0.05158,0.01013
0.026187,0.056636,0.010136
0.028209,0.062056,0.010137
0.030231,0.067884,0.010137
0.032253,0.074165,0.010132
0.034276,0.080961,0.01013
0.036297,0.088334,0.01013
0.038318,0.096362,0.010133
0.040339,0.10513,0.010138
0.042361,0.11475,0.010136
0.044383,0.12534,0.010127
0.046405,0.13706,0.010129
0.048426,0.15011,0.010135
0.050448,0.16468,0.010126
0.052441,0.18048,0.0095899
0.054265,0.197,0.0081762
0.055747,0.21403,0.0059608
0.056739,0.2315,0.0031351
0.057138,0.24949,-6.14e-05
0.056893,0.26831,-0.0033329
0.05601,0.28862,-0.0063618
0.054559,0.31154,-0.0088583
0.052665,0.339,-0.010514
0.050543,0.3747,-0.010719
0.048448,0.42322,-0.010279
0.046425,0.49103,-0.010068
0.044433,0.59075,-0.0099757
0.042458,0.74717,-0.0098988
0.040498,1.0075,-0.0098184
0.038554,1.4293,-0.0097428
-0.022918,-0.6156,-0.33197
-0.092363,-1.1955,-0.20445
-0.1407,-1.3429,-0.058929
-0.15796,-1.3943,0.0384
-0.14916,-1.4967,0.059539
-0.22087,-1.8053,-0.62539
-0.3439,-1.7908,-0.438
-0.442,-1.6595,-0.22214
-0.50338,-1.4878,0.0020919
-0.51493,-1.3914,0.13768
-0.48702,-1.3915,0.17526
-0.48602,-0.41236,-0.10988
-0.51812,-0.2702,0.054645
-0.51017,-0.20316,0.12089
-0.48489,-0.17229,0.14053
-0.45626,-0.14968,0.14945
-0.42653,-0.13415,0.15012
-0.39672,-0.1185,0.15031
-0.36688,-0.10226,0.1505
-0.337,-0.085399,0.1507
-0.30709,-0.067891,0.1509
-0.27713,-0.049716,0.1511
-0.24713,-0.030854,0.1513
-0.2171,-0.011275,0.15149
-0.18703,0.0081514,0.15079
-0.15767,0.016575,0.13889
-0.13142,0.009286,0.11299
-0.11077,-0.010379,0.078514
-0.096521,-0.021855,0.056913
-0.086117,-0.027403,0.044066
-0.07795,-0.030192,0.035607
-0.071307,-0.031705,0.029529
-0.065766,-0.032602,0.024867
-0.061091,-0.033215,0.021122
-0.057112,-0.033673,0.018047
-0.053705,-0.034067,0.015466
-0.050779,-0.034432,0.013282
-0.048258,-0.0346,0.011613
-0.045998,-0.034064,0.010844
-0.043855,-0.033156,0.01051
-0.041761,-0.032055,0.01037
-0.039689,-0.030843,0.010312
-0.037627,-0.029557,0.010284
-0.035569,-0.028206,0.010269
-0.033513,-0.026793,0.010257
-0.031458,-0.025307,0.010256
-0.029404,-0.023753,0.010255
-0.027351,-0.022123,0.010257
-0.025298,-0.020419,0.010256
-0.023245,-0.01863,0.010253
-0.021192,-0.016746,0.010256
-0.019139,-0.014763,0.010259
-0.017086,-0.012681,0.010254
-0.015034,-0.010487,0.010249
-0.012983,-0.0081647,0.010249
-0.010933,-0.0057039,0.010253
-0.0088827,-0.0031048,0.010248
-0.0068328,-0.00034207,0.010247
-0.0047834,0.0025949,0.010244
-0.0027347,0.0057281,0.010245
-0.00068665,0.0090725,0.010245
0.0013612,0.012652,0.010245
0.0034088,0.016493,0.010247
0.0054562,0.020627,0.01025
0.0075038,0.025079,0.010247
0.0095508,0.029893,0.010243
0.011597,0.035117,0.010239
0.013643,0.040813,0.010244
0.015688,0.047038,0.01025
0.017733,0.053866,0.010253
0.019779,0.061383,0.010245
0.021823,0.069709,0.010238
0.023867,0.078992,0.010242
0.02591,0.089382,0.01024
0.027952,0.1011,0.010239
0.029994,0.11441,0.010237
0.032035,0.12966,0.010235
0.034075,0.14729,0.010233
0.036116,0.16791,0.010234
0.038156,0.19232,0.010236
0.040196,0.22161,0.010239
0.042235,0.25737,0.01024
0.044274,0.30184,0.010239
0.046313,0.35843,0.010234
0.048352,0.43229,0.01023
0.05039,0.53141,0.010228
0.052402,0.66735,0.0097456
0.054258,0.85558,0.0084128
0.05579,1.1117,0.0062736
0.056845,1.4329,0.0034997
0.0077763,-0.24513,-0.34148
-0.062154,-1.0049,-0.22118
-0.11077,-1.3003,-0.10247
-0.13663,-1.3915,0.0061155
-0.13424,-1.4989,0.041113
-0.19887,-1.7939,-0.65423
-0.32547,-1.8093,-0.47073
-0.42875,-1.6872,-0.25645
-0.49647,-1.5163,-0.030213
-0.51646,-1.3999,0.12657
-0.49177,-1.3927,0.1713
-0.48561,-1.0288,-0.12316
-0.52046,-0.91619,0.046909
-0.51615,-0.84951,0.13556
-0.48776,-0.81642,0.16968
-0.45307,-0.79752,0.18334
-0.41672,-0.78924,0.18377
-0.38031,-0.77979,0.18392
-0.34387,-0.76848,0.18408
-0.30741,-0.75473,0.18423
-0.27091,-0.73763,0.18439
-0.23438,-0.71583,0.18455
-0.19782,-0.68713,0.18471
-0.16151,-0.65699,0.17655
-0.12773,-0.63739,0.15116
-0.099534,-0.64026,0.10889
-0.079807,-0.67918,0.063341
-0.068669,-0.75774,0.040267
-0.061555,-0.89061,0.02809
-0.0565,-1.1032,0.020921
-0.052686,-1.42,0.016359
0.0001199,-0.0002691,-0.00035092
0.0014515,-0.002809,-0.0038137
0.0010412,-0.0029939,-0.0037246
0.00045561,-0.0031882,-0.0035124
-0.00016822,-0.0034548,-0.0033333
-0.00079292,-0.003745,-0.0031643
-0.001397,-0.004034,-0.0029957
-0.001973,-0.0043136,-0.0028252
-0.0025177,-0.0045991,-0.0026707
-0.0030312,-0.0048626,-0.002505
-0.003512,-0.0051129,-0.0023383
-0.0039595,-0.005341,-0.0021629
-0.0043727,-0.0055638,-0.0019971
-0.0047527,-0.0057695,-0.0018288
-0.0050995,-0.005962,-0.0016627
-0.0054129,-0.0061359,-0.0014945
-0.0056922,-0.0062842,-0.0013185
-0.0059376,-0.0064218,-0.0011505
-0.0061494,-0.0065461,-0.0009885
-0.0063277,-0.006643,-0.00081945
-0.0064722,-0.0067109,-0.00064315
-0.0065824,-0.0067573,-0.00046888
-0.0066579,-0.0067776,-0.00029362
-0.0066985,-0.0067714,-0.0001189
-0.0067043,-0.0067451,4.75e-05
-0.0066763,-0.0066838,0.00021974
-0.006614,-0.0065852,0.00039764
-0.0065164,-0.0064533,0.00057423
-0.0063845,-0.0062914,0.00074499
-0.0062175,-0.0060849,0.00092121
-0.0060153,-0.0058412,0.0010927
-0.0057787,-0.0055442,0.0012734
-0.0055063,-0.0051976,0.0014551
-0.0051983,-0.004804,0.0016312
-0.0048554,-0.0043623,0.0018004
-0.0044778,-0.003855,0.0019758
-0.0040647,-0.003279,0.0021548
-0.0036167,-0.0026349,0.0023323
-0.0031331,-0.001909,0.0025149
-0.0026132,-0.0011027,0.002694
-0.002058,-0.00021484,0.0028643
-0.0014679,0.00078334,0.003047
-0.00084208,0.0018856,0.0032254
-0.00018169,0.0031012,0.0033997
0.00051451,0.0044498,0.0035758
0.0012463,0.0059499,0.0037588
0.0020143,0.0076058,0.0039361
0.0028177,0.0094448,0.0041182
0.0036573,0.011484,0.0042998
0.0045328,0.013747,0.004481
0.0054443,0.016258,0.0046564
0.0063912,0.01906,0.0048372
0.0073739,0.02219,0.00502
0.0083929,0.025694,0.005201
0.0094483,0.02963,0.0053829
0.01054,0.034072,0.0055673
0.011668,0.039094,0.005746
0.012832,0.044812,0.005928
0.014033,0.051353,0.0061082
0.015269,0.058889,0.00629
0.016542,0.067637,0.0064738
0.017851,0.077888,0.0066608
0.019197,0.090011,0.0068415
0.02058,0.10454,0.0070237
0.021999,0.1222,0.007205
0.023454,0.14405,0.0073897
0.024946,0.17169,0.007573
0.026475,0.20759,0.0077636
0.028041,0.25579,0.0079451
0.029643,0.32335,0.0081267
0.031282,0.42337,0.0083093
0.032958,0.58153,0.0084944
0.034669,0.84727,0.0086776
0.036418,1.28,0.00887
0.068405,1.0397,0.37177
0.13762,1.3578,0.23809
0.19432,1.4131,0.07445
0.22031,1.3938,-0.063835
0.20803,1.4573,-0.089459
0.23959,1.8137,0.6232
0.36136,1.8322,0.47404
0.4689,1.7414,0.29627
0.54586,1.5969,0.09763
0.58204,1.4435,-0.096378
0.53814,1.1308,0.16909
0.57909,1.0338,0.012145
0.59235,0.91687,-0.14155
0.56882,0.82058,-0.24778
0.51975,0.7489,-0.309
0.45831,0.71867,-0.3138
0.39832,0.70715,-0.29459
0.34167,0.68606,-0.28074
0.28729,0.65352,-0.27117
0.23453,0.60641,-0.26456
0.18286,0.53894,-0.25918
0.13298,0.457,-0.23933
0.088011,0.3658,-0.19588
0.050881,0.27205,-0.12724
0.02553,0.19399,-0.053332
0.016453,0.17217,-0.027433
0.011816,0.1725,-0.017407
0.0087123,0.19342,-0.013124
0.0062622,0.26999,-0.011286
0.004089,1.1536,-0.010485
0.068615,1.0334,0.29888
0.1309,1.3424,0.17522
0.17636,1.3918,0.017907
0.18533,1.4267,-0.065159
0.15899,1.6965,0.69479
0.28705,1.8464,0.56332
0.40602,1.8069,0.39932
0.5022,1.6851,0.20868
0.56205,1.5277,0.0045981
0.57651,1.4024,-0.15828
0.56462,0.49348,0.1008
0.5958,0.34947,-0.068373
0.58901,0.24269,-0.17669
0.55333,0.1696,-0.2325
0.50531,0.11017,-0.2654
0.45233,0.073836,-0.27023
0.39968,0.04705,-0.26401
0.34809,0.017444,-0.25963
0.29723,-0.014689,-0.25658
0.24688,-0.04913,-0.25445
0.19689,-0.085722,-0.25297
0.14762,-0.11301,-0.24101
0.10208,-0.11517,-0.20545
0.063601,-0.088041,-0.14536
0.034852,-0.03537,-0.06736
0.022824,-0.010439,-0.03178
0.017527,-0.0025111,-0.019211
0.014156,-0.00016905,-0.013917
0.01158,-0.00018038,-0.011649
0.0093444,-0.0012356,-0.010676
0.0072564,-0.0027842,-0.010266
0.0052315,-0.0045776,-0.010085
0.0032332,-0.0065198,-0.0099961
0.0012485,-0.0085684,-0.0099402
-0.00072577,-0.010708,-0.0098923
-0.0026897,-0.012939,-0.0098483
-0.0046439,-0.015259,-0.0097984
-0.0065882,-0.017672,-0.0097391
-0.0085213,-0.020193,-0.0096806
-0.010444,-0.022839,-0.0096301
-0.012357,-0.025619,-0.0095882
-0.01426,-0.028535,-0.0095447
-0.016154,-0.031587,-0.0094895
-0.018038,-0.034802,-0.0094374
-0.019912,-0.038182,-0.0093777
-0.021774,-0.041758,-0.0093277
-0.023625,-0.045545,-0.0092841
-0.025467,-0.049549,-0.0092326
-0.0273,-0.053799,-0.0091794
-0.029122,-0.058319,-0.0091249
-0.030935,-0.063149,-0.0090817
-0.032738,-0.068304,-0.0090323
-0.034531,-0.07383,-0.0089852
-0.036314,-0.079757,-0.0089309
-0.038087,-0.086148,-0.0088814
-0.03985,-0.093055,-0.0088328
-0.041603,-0.10055,-0.0087851
-0.043347,-0.10869,-0.0087351
-0.045081,-0.1176,-0.0086887
-0.046805,-0.12735,-0.0086312
-0.048518,-0.13811,-0.0085796
-0.050222,-0.15004,-0.0085355
-0.051896,-0.16281,-0.0080428
-0.053416,-0.17596,-0.0067887
-0.054638,-0.18935,-0.0048787
-0.055438,-0.20287,-0.0024618
-0.055734,-0.21657,0.0002472
-0.055481,-0.23066,0.0029943
-0.054688,-0.24555,0.0055381
-0.053422,-0.26201,0.0076144
-0.051787,-0.28122,0.0090117
-0.049934,-0.30494,0.0095932
-0.048014,-0.33537,0.0096968
-0.046072,-0.3753,0.0097992
-0.04411,-0.42988,0.0099055
-0.042127,-0.50848,0.010009
-0.040125,-0.62965,0.010084
-0.038112,-0.83213,0.010111
-0.036095,-1.1884,0.010123
-0.053644,-0.90819,-0.36745
-0.12721,-1.2889,-0.2301
-0.184,-1.3389,-0.047938
-0.20302,-1.3313,0.075935
-0.18749,-1.4079,0.089694
-0.16266,-1.695,-0.68036
-0.2879,-1.8086,-0.52957
-0.39865,-1.7234,-0.32787
-0.47854,-1.5673,-0.10635
-0.51615,-1.4155,0.090084
-0.50246,-1.3819,0.1606
-0.45379,-1.0839,-0.1959
-0.4964,-0.9986,-0.042347
-0.51453,-0.90167,0.097506
-0.49532,-0.86795,0.1417
-0.46588,-0.85007,0.16127
-0.43356,-0.84594,0.16438
-0.40096,-0.84439,0.16448
-0.36835,-0.84254,0.16459
-0.33571,-0.84034,0.1647
-0.30305,-0.83767,0.16482
-0.27037,-0.83435,0.16492
-0.23767,-0.83011,0.16504
-0.20495,-0.82456,0.16514
-0.17231,-0.82188,0.16064
-0.14141,-0.83721,0.1411
-0.11508,-0.88474,0.10651
-0.095872,-0.9788,0.068611
-0.083577,-1.1227,0.047933
-0.074881,-1.3319,0.036114
-0.080343,-1.0738,-0.35489
-0.15109,-1.3331,-0.21693
-0.20638,-1.3339,-0.024776
-0.22008,-1.324,0.085184
-0.20261,-1.3972,0.09413
-0.15587,-1.6673,-0.68382
-0.28074,-1.8083,-0.54464
-0.39322,-1.7332,-0.34668
-0.47619,-1.5811,-0.12667
-0.51826,-1.4223,0.077952
-0.5085,-1.3762,0.16086
-0.44783,-0.51785,-0.20236
-0.4896,-0.41174,-0.064572
-0.51211,-0.28488,0.081686
-0.4964,-0.23624,0.12491
-0.47045,-0.20779,0.14077
-0.44213,-0.18939,0.14443
-0.41345,-0.17363,0.14457
-0.38474,-0.1572,0.14469
-0.35601,-0.14004,0.14483
-0.32725,-0.12212,0.14496
-0.29847,-0.10339,0.14509
-0.26966,-0.083828,0.14522
-0.24082,-0.063374,0.14536
-0.21196,-0.042011,0.14548
-0.18309,-0.021454,0.14384
-0.15519,-0.012733,0.13028
-0.13068,-0.019352,0.10356
-0.11186,-0.033745,0.073615
-0.098415,-0.040767,0.055614
-0.088163,-0.043911,0.044201
-0.079931,-0.045235,0.036308
-0.073127,-0.045765,0.030411
-0.067404,-0.045933,0.025789
-0.062541,-0.045989,0.022014
-0.058386,-0.046048,0.018854
-0.054823,-0.046151,0.016179
-0.051761,-0.046323,0.013898
-0.049132,-0.046541,0.011984
-0.046827,-0.046183,0.010956
-0.044678,-0.045371,0.010508
-0.042597,-0.044328,0.010313
-0.040545,-0.043148,0.010228
-0.038507,-0.041867,0.010195
-0.036474,-0.040504,0.010178
-0.034443,-0.03906,0.010166
-0.032414,-0.037524,0.010163
-0.030385,-0.035893,0.010162
-0.028357,-0.034161,0.01016
-0.026328,-0.032313,0.010163
-0.0243,-0.03035,0.010159
-0.022273,-0.028249,0.010158
-0.020245,-0.025996,0.010159
-0.018217,-0.023575,0.01016
-0.016189,-0.020972,0.010158
-0.014161,-0.018157,0.01016
-0.012133,-0.015111,0.010158
-0.010106,-0.0118,0.010159
-0.0080783,-0.0081894,0.010159
-0.0060504,-0.0042366,0.010158
-0.0040219,0.0001127,0.010157
-0.0019939,0.004919,0.01016
3.37e-05,0.010254,0.010161
0.0020609,0.016211,0.01016
0.0040887,0.022905,0.010158
0.0061166,0.030486,0.010154
0.0081443,0.039143,0.010156
0.010172,0.049119,0.010163
0.0122,0.060728,0.010161
0.014227,0.074401,0.010155
0.016254,0.090755,0.010154
0.018282,0.11065,0.010156
0.02031,0.13534,0.01016
0.022337,0.16676,0.010162
0.024365,0.20799,0.010165
0.026394,0.26423,0.010162
0.028422,0.34486,0.010156
0.03045,0.46793,0.010157
0.032478,0.66968,0.010163
0.034507,1.0139,0.01016
0.036535,1.5247,0.010162
0.10146,1.2323,0.31454
0.16584,1.4082,0.16926
0.21224,1.4,-0.0019542
0.21772,1.4158,-0.083053
0.17169,1.7086,0.68471
0.2975,1.8413,0.55714
0.41445,1.7999,0.3952
0.50959,1.6788,0.20595
0.56879,1.5217,0.0024625
0.5829,1.3939,-0.1626
0.56001,1.0935,0.10136
0.59049,0.97566,-0.066931
0.58543,0.86961,-0.19622
0.54877,0.78064,-0.28528
0.49131,0.72936,-0.31746
0.42964,0.71314,-0.30496
0.37126,0.6977,-0.28781
0.31573,0.6714,-0.27608
0.26213,0.63238,-0.26801
0.2099,0.57622,-0.26241
0.15877,0.50046,-0.2524
0.1108,0.41346,-0.2219
0.06926,0.31994,-0.1663
0.036638,0.22945,-0.087501
0.020053,0.17708,-0.037411
0.013883,0.16839,-0.021511
0.010159,0.17684,-0.014842
0.0074521,0.21378,-0.011954
0.0051832,0.38119,-0.010701
0.03109,0.70434,0.35966
0.09837,1.219,0.24468
0.15446,1.3835,0.10496
0.18537,1.3992,-0.033988
0.17931,1.4668,-0.07358
0.21853,1.804,0.64062
0.3432,1.8425,0.49167
0.45391,1.7575,0.31414
0.53445,1.6152,0.11565
0.57461,1.4599,-0.081109
0.53802,0.46163,0.18211
0.58188,0.32805,0.02385
0.59669,0.2001,-0.11471
0.57532,0.12366,-0.18378
0.53706,0.066938,-0.22421
0.4921,0.040809,-0.22997
0.44671,0.019549,-0.22992
0.40133,-0.002433,-0.22988
0.35596,-0.025139,-0.22984
0.3106,-0.048594,-0.22981
0.26524,-0.072791,-0.22977
0.21989,-0.097739,-0.22972
0.17459,-0.12091,-0.22716
0.13096,-0.12517,-0.20595
0.092491,-0.1051,-0.16291
0.061953,-0.05954,-0.098758
0.04367,-0.015515,-0.043515
0.036488,-0.00023078,-0.023928
0.032415,0.0054407,-0.015887
0.029549,0.0072747,-0.012426
0.027209,0.0074679,-0.010917
0.025095,0.0069286,-0.010259
0.023081,0.0060515,-0.0099755
0.021113,0.0050775,-0.0097888
0.019182,0.0041026,-0.0095966
0.01729,0.0031172,-0.0094087
0.015435,0.0021319,-0.009214
0.013618,0.0011354,-0.0090238
0.011839,0.00012994,-0.0088355
0.010099,-0.00087837,-0.0086429
0.0083972,-0.0018894,-0.0084461
0.0067343,-0.0029113,-0.0082526
0.0051101,-0.0039357,-0.0080538
0.003525,-0.0049736,-0.0078606
0.0019778,-0.0060239,-0.0076707
0.00046921,-0.0070786,-0.0074758
-0.0010005,-0.0081425,-0.0072809
-0.002432,-0.0092207,-0.0070898
-0.0038248,-0.010303,-0.0068917
-0.0051789,-0.011401,-0.0066991
-0.0064941,-0.012511,-0.0065066
-0.0077706,-0.013634,-0.0063145
-0.0090084,-0.014766,-0.0061183
-0.010208,-0.015916,-0.0059261
-0.011369,-0.017073,-0.0057264
-0.012491,-0.018256,-0.0055364
-0.013575,-0.019453,-0.0053437
-0.014619,-0.020662,-0.0051466
-0.015625,-0.021891,-0.0049502
-0.016592,-0.02314,-0.0047537
-0.01752,-0.024413,-0.0045611
-0.018409,-0.025713,-0.0043714
-0.019259,-0.027026,-0.0041721
-0.020071,-0.028368,-0.0039756
-0.020843,-0.029737,-0.0037775
-0.021576,-0.031132,-0.0035776
-0.02227,-0.032568,-0.0033855
-0.022924,-0.034037,-0.0031927
-0.02354,-0.035538,-0.0029944
-0.024118,-0.037082,-0.002797
-0.024656,-0.038668,-0.0025981
-0.025154,-0.040303,-0.0024008
-0.025613,-0.041997,-0.0022098
-0.026033,-0.043744,-0.0020155
-0.026414,-0.045552,-0.0018184
-0.026757,-0.047427,-0.0016177
-0.02706,-0.049379,-0.0014168
-0.027323,-0.051421,-0.0012234
-0.027547,-0.053557,-0.0010284
-0.027731,-0.055792,-0.00082699
-0.027876,-0.05815,-0.0006303
-0.027982,-0.060636,-0.00042676
-0.028049,-0.06328,-0.00023085
-0.028075,-0.0661,-3.84e-05
-0.028062,-0.069114,0.00015991
-0.028011,-0.072356,0.00035871
-0.02792,-0.075863,0.00056094
-0.027789,-0.079679,0.00076257
-0.027618,-0.083873,0.00095599
-0.027407,-0.088501,0.0011546
-0.027158,-0.093665,0.001351
-0.026869,-0.099482,0.0015488
-0.026542,-0.10611,0.0017486
-0.026173,-0.11374,0.0019502
-0.025765,-0.1227,0.0021447
-0.025317,-0.13338,0.0023456
-0.02483,-0.1464,0.0025447
-0.024304,-0.1627,0.0027448
-0.023737,-0.18378,0.0029441
-0.023131,-0.21224,0.0031412
-0.022485,-0.25291,0.0033414
-0.021799,-0.3159,0.0035458
-0.021073,-0.42592,0.0037478
-0.020307,-0.65772,0.0039518
-0.019501,-1.2606,0.004147
0.034308,0.74432,0.33715
0.10128,1.2603,0.2219
0.15395,1.4005,0.079324
0.17828,1.4268,-0.04049
0.13156,1.6151,0.71439
0.26214,1.843,0.59601
0.38477,1.8268,0.43633
0.48744,1.7151,0.24885
0.55536,1.5613,0.045744
0.5797,1.4207,-0.13341
0.55901,0.47123,0.12859
0.59517,0.32665,-0.040843
0.59486,0.21518,-0.15671
0.56348,0.14124,-0.21701
0.51849,0.080416,-0.25543
0.46749,0.048408,-0.26028
0.4165,0.02316,-0.25714
0.36605,-0.0038867,-0.2549
0.31598,-0.032625,-0.25334
0.26616,-0.062935,-0.25226
0.21652,-0.094728,-0.25151
0.1671,-0.12393,-0.24704
0.11987,-0.13143,-0.22124
0.07852,-0.11132,-0.1711
0.045645,-0.06219,-0.097487
0.027016,-0.019518,-0.040737
0.020298,-0.0066422,-0.022838
0.016374,-0.0021,-0.015376
0.013591,-0.00097273,-0.012173
0.011293,-0.0013232,-0.010785
0.0092042,-0.0023417,-0.010184
0.0072054,-0.0036685,-0.0099139
0.0052535,-0.0050569,-0.0096906
0.0033468,-0.0064626,-0.0094673
0.0014842,-0.0078912,-0.0092479
-0.00033403,-0.0093378,-0.0090268
-0.0021083,-0.010806,-0.008806
-0.003839,-0.012294,-0.0085821
-0.0055251,-0.013803,-0.0083561
-0.0071663,-0.015341,-0.0081346
-0.0087628,-0.016905,-0.0079131
-0.010315,-0.018503,-0.0076971
-0.011824,-0.02012,-0.0074699
-0.013289,-0.021775,-0.0072485
-0.014709,-0.02346,-0.0070233
-0.016084,-0.025185,-0.0068028
-0.017416,-0.026949,-0.0065817
-0.018703,-0.028751,-0.0063586
-0.019945,-0.030594,-0.0061308
-0.021143,-0.032487,-0.0059063
-0.022296,-0.034426,-0.005678
-0.023403,-0.036429,-0.0054586
-0.024467,-0.038491,-0.0052384
-0.025487,-0.04062,-0.0050187
-0.026463,-0.042817,-0.0047961
-0.027394,-0.045088,-0.0045721
-0.028281,-0.047443,-0.0043484
-0.029123,-0.049886,-0.0041217
-0.029921,-0.052432,-0.0038994
-0.030674,-0.055084,-0.0036721
-0.031382,-0.05786,-0.0034498
-0.032045,-0.060767,-0.0032241
-0.032663,-0.063825,-0.0030019
-0.033237,-0.067042,-0.0027744
-0.033766,-0.070442,-0.0025448
-0.034249,-0.074054,-0.0023198
-0.034688,-0.077907,-0.002101
-0.035082,-0.08202,-0.0018751
-0.035432,-0.086441,-0.0016521
-0.035737,-0.091208,-0.0014246
-0.035998,-0.096385,-0.0012019
-0.036213,-0.10203,-0.00097448
-0.036384,-0.10823,-0.00075683
-0.03651,-0.11509,-0.00053011
-0.036591,-0.12273,-0.00030335
-0.036628,-0.13132,-7.43e-05
-0.036619,-0.14107,0.00015578
-0.036564,-0.15228,0.0003793
-0.036465,-0.16532,0.00060565
-0.036321,-0.18075,0.00082384
-0.036133,-0.19931,0.0010518
-0.0359,-0.22215,0.0012715
-0.035623,-0.25098,0.0014932
-0.035301,-0.28857,0.001718
-0.034935,-0.33966,0.0019447
-0.034523,-0.41289,0.0021719
-0.034066,-0.52545,0.0024022
-0.033564,-0.71419,0.0026271
-0.033016,-1.0549,0.0028542
-0.024927,0.12754,0.39513
0.047922,0.88283,0.29291
0.11037,1.3149,0.18196
0.15546,1.4116,0.037982
0.16831,1.4613,-0.047171
0.17966,1.7593,0.68628
0.30944,1.8607,0.54483
0.42807,1.7994,0.37366
0.51995,1.6669,0.17855
0.57372,1.5063,-0.025919
0.58096,1.388,-0.18071
0.58319,1.0526,0.060176
0.60778,0.92303,-0.11362
0.59293,0.80706,-0.24485
0.54651,0.71348,-0.32961
0.48083,0.6695,-0.34414
0.41517,0.65645,-0.31957
0.35435,0.63634,-0.29779
0.29716,0.60237,-0.28297
0.24241,0.5523,-0.27278
0.18935,0.48082,-0.26555
0.13821,0.3935,-0.24668
0.091764,0.29811,-0.20593
0.05283,0.20526,-0.13948
0.024772,0.13098,-0.06061
0.014152,0.10076,-0.029586
0.0092065,0.085802,-0.018317
0.0059649,0.07367,-0.013549
0.003445,0.059694,-0.011491
0.0012371,0.032928,-0.010597
-0.00083474,-0.10816,-0.010208
1.72e-05,0.00013159,-6.24e-05
0.0013949,0.016668,-0.0037674
0.0010798,0.018702,-0.0036463
0.00046986,0.012927,-0.0035151
-0.00013655,-0.019097,-0.0033395
-0.030083,-0.68286,-0.22978
-0.075847,-1.1984,-0.141
-0.10772,-1.3896,-0.033109
-0.11402,-1.5272,0.011132
-0.17667,-1.6335,-0.41245
-0.26522,-1.6208,-0.22659
-0.3256,-1.497,-0.014465
-0.3382,-1.4488,0.093907
-0.32772,-1.718,-0.38571
-0.40793,-1.6381,-0.21866
-0.46559,-1.4912,-0.013949
-0.47807,-1.417,0.10304
-0.45696,-1.4449,0.11587
-0.4338,-1.3225,0.11698
-0.41054,-1.3625,0.11714
-0.38726,-1.4077,0.11731
-0.30494,-0.7608,0.6395
-0.18678,-0.8141,0.56655
-0.074972,-0.88168,0.44909
0.023867,1.1259,0.81057
0.18711,1.896,0.63189
0.32594,1.8716,0.43146
0.43035,1.7373,0.22232
0.49396,1.5745,0.011006
0.53121,1.7588,0.34263
0.61789,1.6051,0.13625
0.6635,1.4315,-0.075659
0.66348,1.265,-0.27407
0.61862,1.1385,-0.43134
0.5591,1.3752,-0.048426
0.55521,1.3061,-0.15335
0.52465,1.2744,-0.21683
0.47987,1.2724,-0.25215
0.42951,1.3075,-0.25651
0.40713,1.571,0.18625
0.44314,1.4829,0.036416
0.45687,1.4303,-0.065086
0.44319,1.4505,-0.08768
0.42515,1.3198,-0.0946
0.40608,1.3575,-0.097572
0.38657,1.4012,-0.098862
0.36686,1.4508,-0.099428
0.23979,0.80018,-0.58653
0.13012,0.86473,-0.49072
0.030059,0.86778,-0.32901
-0.068946,-1.4847,-0.70067
-0.20544,-1.8173,-0.50853
-0.316,-1.7383,-0.29007
-0.39024,-1.5788,-0.061365
-0.41672,-1.4733,0.093365
-0.43767,-1.7047,-0.30915
-0.50953,-1.5704,-0.11588
-0.54813,-1.4144,0.082763
-0.53903,-1.3448,0.18712
-0.50153,-1.33,0.23763
-0.48287,-1.5765,-0.17044
-0.52852,-1.4395,0.015365
-0.53466,-1.3515,0.14076
-0.50661,-1.3337,0.19267
-0.46702,-1.3471,0.21697
-0.44911,-1.6094,-0.21478
-0.50217,-1.4796,-0.030611
-0.51938,-1.377,0.1129
-0.49709,-1.3672,0.15833
-0.46434,-1.3863,0.17809
-0.42878,-1.2607,0.18057
-0.39299,-1.2981,0.1807
-0.35718,-1.3433,0.18083
-0.26365,-0.66796,0.7013
-0.13525,-0.67562,0.62122
-0.012247,-0.056653,0.47779
0.09575,1.8491,0.30012
0.23923,1.9359,0.63249
0.37868,1.8686,0.42698
0.48246,1.7233,0.21542
0.54483,1.5546,0.0019797
0.5406,1.7506,0.34623
0.62622,1.6076,0.14999
0.67404,1.439,-0.057353
0.67809,1.2664,-0.26181
0.63705,1.1213,-0.43661
0.53471,1.3779,-0.024639
0.53324,1.3226,-0.11751
0.5088,1.3075,-0.16548
0.47411,1.3149,-0.19239
0.43535,1.3487,-0.19778
0.38765,1.65,0.29356
0.44098,1.5816,0.15448
0.48015,1.4766,-0.0057163
0.48487,1.4294,-0.096332
0.46471,1.4531,-0.11346
0.44176,1.331,-0.11675
0.41857,1.3711,-0.11665
0.3954,1.4162,-0.11655
0.29889,0.77405,-0.63169
0.18347,0.83676,-0.55083
0.076812,0.92261,-0.42211
-0.013882,-1.7901,-0.25103
-0.15592,-1.7946,-0.59389
-0.27951,-1.7891,-0.37899
-0.36934,-1.647,-0.15169
-0.41673,-1.4946,0.054485
-0.40904,-1.7397,-0.37214
-0.48828,-1.6305,-0.19546
-0.54224,-1.4697,0.012826
-0.55163,-1.3598,0.15921
-0.52203,-1.3242,0.2291
-0.46296,-1.6056,-0.22196
-0.5146,-1.4862,-0.048957
-0.53629,-1.3682,0.10997
-0.51652,-1.3367,0.17563
-0.48016,-1.3407,0.20761
-0.42271,-1.6429,-0.27517
-0.48229,-1.5411,-0.11196
-0.51768,-1.4062,0.068939
-0.50801,-1.3675,0.14409
-0.47789,-1.3769,0.17183
-0.44307,-1.2487,0.17977
-0.40745,-1.2836,0.17994
-0.37178,-1.3254,0.18009
-0.33609,-1.3766,0.18025
-0.18565,-0.68047,0.6564
-0.060054,-0.60218,0.53826
0.055503,1.7716,0.36915
0.17595,1.8959,0.7087
0.32696,1.9095,0.50746
0.44534,1.784,0.29791
0.5243,1.6212,0.084427
0.54692,1.5234,0.1537
0.5923,1.3868,-0.032137
0.59741,1.2678,-0.18701
0.56459,1.1908,-0.29313
0.5061,1.1773,-0.33477
0.44093,1.2227,-0.3233
1.36e-22,6.39e-20,6.25e-20
0.0012336,0.013813,-0.003452
0.0012342,0.020318,-0.0036584
0.00059059,0.015062,-0.0035328
-1.45e-05,-0.0045823,-0.0033605
0.020038,0.53753,0.23665
0.065286,1.1278,0.15671
0.099148,1.3872,0.056299
0.11157,1.5367,0.00096035
0.17624,1.6568,0.43137
0.26538,1.6837,0.27629
0.33553,1.5941,0.092663
0.36772,1.4996,-0.06462
0.40208,1.73,0.34163
0.48089,1.638,0.17873
0.53254,1.5004,-0.0088068
0.54108,1.4088,-0.13988
0.51345,1.2489,-0.19738
0.47248,1.2506,-0.226
0.42729,1.2817,-0.23026
0.38185,1.3254,-0.23016
0.22441,0.66719,-0.70977
0.095025,0.66765,-0.60266
-0.024727,-1.4713,-0.42107
-0.11749,-1.7409,-0.74358
-0.26213,-1.8656,-0.52952
-0.37696,-1.7498,-0.30263
-0.45386,-1.5775,-0.070369
-0.48312,-1.4504,0.10005
-0.45121,-1.7369,-0.35753
-0.52652,-1.6283,-0.18938
-0.5788,-1.4654,0.01729
-0.5891,-1.3318,0.18523
-0.55886,-1.2558,0.29298
-0.46762,-1.5464,-0.16953
-0.50678,-1.438,-0.010226
-0.51699,-1.3566,0.11108
-0.4942,-1.3518,0.15055
-0.46304,-1.371,0.16892
-0.39815,-1.69,-0.34006
-0.46699,-1.6111,-0.192
-0.51851,-1.4642,0.0052997
-0.52763,-1.372,0.13583
-0.50035,-1.3605,0.18286
-0.46278,-1.2239,0.20365
-0.42228,-1.2536,0.20565
-0.3816,-1.2922,0.20587
-0.34087,-1.3403,0.20609
-0.20373,-0.64392,0.69741
-0.072837,-0.57392,0.58903
0.04993,1.7255,0.42492
0.15654,1.8789,0.75754
0.3154,1.9326,0.55281
0.44196,1.814,0.34164
0.52964,1.6527,0.12737
0.57336,1.4868,-0.078362
0.58337,1.6941,0.26866
0.65433,1.5407,0.069181
0.68531,1.368,-0.13871
0.67177,1.1973,-0.33979
0.6135,1.0782,-0.48838
0.52924,1.346,-0.066185
0.51721,1.3178,-0.12948
0.48957,1.3166,-0.16399
0.45575,1.3381,-0.17881
0.42026,1.3797,-0.17924
0.40457,1.6549,0.27599
0.45807,1.5731,0.12766
0.49428,1.4639,-0.033047
0.49203,1.4286,-0.10966
0.46887,1.2966,-0.12891
0.44271,1.3274,-0.13352
0.41622,1.3677,-0.13336
0.38975,1.4136,-0.13321
0.26315,0.77258,-0.62722
0.14753,0.83462,-0.53777
0.040713,0.86898,-0.3835
-0.058667,-1.4264,-0.73623
-0.2005,-1.8313,-0.54
-0.31626,-1.7596,-0.32013
-0.39594,-1.6013,-0.090854
-0.42958,-1.475,0.084435
-0.43432,-1.7261,-0.33951
-0.50962,-1.6022,-0.15474
-0.55598,-1.4394,0.051904
-0.55604,-1.3424,0.18385
-0.52134,-1.3068,0.25365
-0.47733,-1.572,-0.17614
-0.52258,-1.4425,0.0033598
-0.5312,-1.3531,0.13102
-0.50498,-1.337,0.18111
-0.46765,-1.3505,0.20502
-0.43124,-1.637,-0.25725
-0.48998,-1.5219,-0.083224
-0.5194,-1.3943,0.08834
-0.50429,-1.3681,0.15049
-0.47292,-1.381,0.17547
-0.43759,-1.2542,0.18103
-0.40172,-1.29,0.18123
-0.36581,-1.3333,0.18141
-0.32986,-1.3863,0.1816
-0.16156,-0.68003,0.6413
-0.037085,-0.48269,0.51041
0.075274,1.8301,0.33662
0.20731,1.9253,0.67297
0.35305,1.8927,0.46958
0.46466,1.7564,0.25905
0.53589,1.5897,0.045052
0.52065,1.7741,0.38267
0.61291,1.6394,0.19053
0.66897,1.4744,-0.015307
0.6821,1.3004,-0.22205
0.65003,1.1435,-0.40872
0.53403,1.3907,-0.0041216
0.53693,1.3266,-0.10712
0.51531,1.3065,-0.16016
0.48155,1.3086,-0.1916
0.44266,1.3377,-0.20046
0.37444,1.6513,0.31182
0.43006,1.5969,0.18276
0.47241,1.4948,0.022478
0.48482,1.4309,-0.086648
0.46697,1.4494,-0.10893
0.44481,1.3268,-0.11328
0.42232,1.3664,-0.1131
0.39986,1.4107,-0.11291
0.32236,0.77226,-0.63614
0.20624,0.82957,-0.56365
0.098521,0.91302,-0.45056
0.0035597,0.48247,-0.27944
-0.1277,-1.7452,-0.63179
-0.25651,-1.8062,-0.42071
-0.35334,-1.6781,-0.19503
-0.4098,-1.5159,0.024535
-0.41757,-1.4598,-0.13332
-0.44967,-1.367,0.016857
-0.44849,-1.3467,0.079247
-0.4318,-1.3743,0.091188
-0.41326,-1.4121,0.096265
-0.39394,-1.457,0.098455
-0.017591,-0.39506,-0.12934
-0.042849,-0.86784,-0.098266
-0.05978,-1.229,-0.04488
-0.067644,-1.5208,-0.019981
-0.1083,-1.2405,-0.2161
-0.15742,-1.3458,-0.065987
-0.17786,-1.3667,0.049447
-0.16721,-1.4518,0.071392
-0.17863,-1.3272,-0.13467
-0.2128,-1.3123,0.018553
-0.21135,-1.3389,0.079607
-0.19458,-1.4147,0.091205
-0.18885,-1.3353,-0.14719
-0.22278,-1.321,-0.00094992
-0.22642,-1.3316,0.075102
-0.2104,-1.3973,0.089571
-0.19099,-1.3333,-0.16481
-0.22551,-1.3371,-0.035494
-0.23837,-1.3258,0.067363
-0.22398,-1.3813,0.087012
-0.20608,-1.4606,0.094481
-0.22486,-1.3571,-0.078136
-0.24749,-1.3259,0.052042
-0.23689,-1.367,0.083689
-0.21951,-1.4376,0.093088
-0.22267,-1.3727,-0.11891
-0.25265,-1.3342,0.025965
-0.24886,-1.3543,0.079412
-0.23212,-1.4168,0.091311
-0.21984,-1.3797,-0.15314
-0.25372,-1.3496,-0.010399
-0.25994,-1.3439,0.073126
-0.24429,-1.3981,0.08889
-0.22609,-1.4723,0.095337
-0.25094,-1.3716,-0.056918
-0.26893,-1.3392,0.060758
-0.25615,-1.3816,0.085496
-0.23851,-1.4482,0.093842
-0.24624,-1.3923,-0.10499
-0.27404,-1.3446,0.036337
-0.2675,-1.3672,0.08095
-0.25054,-1.4263,0.091915
-0.24113,-1.4042,-0.14617
-0.27456,-1.3603,-0.0012231
-0.27822,-1.3552,0.074775
-0.26224,-1.4066,0.089417
-0.23604,-1.3933,-0.16625
-0.27049,-1.384,-0.050409
-0.28699,-1.3487,0.063049
-0.27363,-1.3891,0.085998
-0.25588,-1.4514,0.094067
-0.26406,-1.4072,-0.10195
-0.29134,-1.3533,0.038477
-0.28426,-1.3737,0.081416
-0.26724,-1.4291,0.092118
-0.25706,-1.4205,-0.146
-0.29034,-1.3696,-0.00091225
-0.29388,-1.361,0.074796
-0.27792,-1.409,0.08946
-0.25964,-1.4739,0.095537
-0.28423,-1.3951,-0.05324
-0.30138,-1.3544,0.061992
-0.28828,-1.3912,0.085743
-0.2706,-1.4497,0.093972
-0.27587,-1.4211,-0.109
-0.30437,-1.3619,0.033472
-0.29859,-1.376,0.080539
-0.28169,-1.4277,0.091776
-0.2679,-1.4336,-0.153
-0.30177,-1.3817,-0.010371
-0.308,-1.3639,0.073047
-0.29235,-1.408,0.088777
-0.27417,-1.4687,0.095242
-0.29407,-1.4096,-0.066199
-0.31412,-1.3595,0.057234
-0.30222,-1.3902,0.084808
-0.28466,-1.4448,0.093543
-0.28438,-1.434,-0.12154
-0.31479,-1.3708,0.023561
-0.31162,-1.3753,0.078991
-0.29497,-1.4231,0.091122
-0.27505,-1.4408,-0.16135
-0.30929,-1.3948,-0.026331
-0.31978,-1.3646,0.069561
-0.30488,-1.4039,0.087657
-0.28689,-1.4606,0.094793
-0.29956,-1.4257,-0.086678
-0.32393,-1.3654,0.047564
-0.31447,-1.3871,0.082871
-0.29722,-1.4376,0.092757
-0.28916,-1.4462,-0.13916
-0.32178,-1.3824,0.0067584
-0.32318,-1.373,0.076174
-0.30698,-1.4167,0.089952
-0.27904,-1.4389,-0.16605
-0.31334,-1.4113,-0.049865
-0.32968,-1.3654,0.063138
-0.31631,-1.3981,0.086037
-0.29857,-1.451,0.094065
-0.302,-1.4407,-0.11038
-0.33062,-1.3735,0.032478
-0.32509,-1.3822,0.080384
-0.30823,-1.4288,0.09171
-0.2862,-1.1632,0.16155
-0.25416,-1.2064,0.16169
-0.22209,-1.2633,0.16185
-0.18999,-1.3413,0.16158
-0.12025,-0.54361,0.52748
-0.021225,-0.029128,0.39566
0.065329,1.4283,0.2538
0.12465,1.642,0.12882
0.20155,1.5879,0.35792
0.28967,1.5569,0.16337
0.33946,1.4509,-0.028379
0.3396,1.4423,-0.096233
0.32966,1.5906,0.26348
0.37682,1.5344,0.12456
0.40902,1.4506,-0.022812
0.40684,1.4432,-0.079596
0.36166,1.6214,0.30142
0.4163,1.591,0.19294
0.45746,1.4957,0.036854
0.47273,1.4319,-0.074364
0.45745,1.45,-0.097921
0.44,1.6363,0.25851
0.48623,1.5567,0.11917
0.51776,1.4502,-0.036057
0.51545,1.4026,-0.12323
0.48938,1.4069,-0.15735
0.48324,1.5513,0.14379
0.51242,1.4522,-0.0053711
0.51744,1.3917,-0.10698
0.4952,1.3903,-0.14557
0.43891,1.5863,0.22545
0.47751,1.5223,0.10316
0.50155,1.4303,-0.037801
0.49691,1.4006,-0.10772
0.47397,1.4172,-0.13
0.44619,1.6031,0.22506
0.48571,1.5207,0.085296
0.50946,1.4266,-0.056326
0.50047,1.4028,-0.11917
0.47514,1.4183,-0.14293
0.46813,1.5711,0.17071
0.50078,1.4748,0.021671
0.51227,1.4038,-0.092513
0.49352,1.4017,-0.13249
0.43698,1.5987,0.24034
0.47889,1.5399,0.12201
0.50651,1.442,-0.025546
0.50581,1.3987,-0.10929
0.48258,1.4087,-0.13763
0.45005,1.5949,0.21711
0.48771,1.5127,0.078456
0.50963,1.4216,-0.059634
0.49961,1.4007,-0.11938
0.47424,1.4165,-0.14275
0.46422,1.5748,0.17763
0.49749,1.4801,0.029562
0.5106,1.4064,-0.08799
0.49297,1.4035,-0.12895
0.43392,1.6003,0.2451
0.47707,1.5471,0.13158
0.50607,1.4481,-0.017658
0.50761,1.3992,-0.10753
0.48488,1.4069,-0.13789
0.44913,1.5956,0.2199
0.48705,1.5153,0.082981
0.50959,1.4233,-0.056241
0.50052,1.4001,-0.11847
0.4753,1.4152,-0.14237
0.46251,1.5774,0.18261
0.49633,1.4836,0.035094
0.51059,1.4074,-0.085298
0.4937,1.4027,-0.12813
0,0.1309,0.1309
0.026618,0.54975,0.12087
0.051783,1.0137,0.078251
0.064462,1.3248,0.034699
0.070973,1.0086,0.276
0.12193,1.3011,0.18064
0.1617,1.3784,0.03912
0.17477,1.4231,-0.047932
0.16525,1.31,0.19045
0.19661,1.3468,0.069347
0.21271,1.3502,-0.042441
0.20415,1.4031,-0.079473
0.18579,1.3287,0.17075
0.21312,1.3468,0.053741
0.22537,1.3488,-0.047302
0.21539,1.3997,-0.080334
0.1925,1.3333,0.1703
0.22047,1.3566,0.062511
0.23365,1.3518,-0.042852
0.22477,1.3969,-0.079191
0.20805,1.4727,-0.091077
0.22644,1.3671,0.074704
0.24108,1.355,-0.036728
0.23371,1.3936,-0.077522
0.21724,1.4646,-0.090348
0.2314,1.3772,0.08841
0.24759,1.3583,-0.029076
0.24214,1.39,-0.075549
0.226,1.4562,-0.089562
0.23538,1.3867,0.10329
0.25325,1.362,-0.019851
0.25018,1.3864,-0.073007
0.23445,1.4479,-0.088607
0.23845,1.3955,0.11881
0.25779,1.3666,-0.0086298
0.25776,1.3831,-0.069753
0.24261,1.4399,-0.087372
0.24066,1.4033,0.13466
0.26162,1.3718,0.0042015
0.26497,1.3803,-0.065583
0.25065,1.4321,-0.085817
0.24201,1.4087,0.1493
0.26482,1.378,0.018889
0.27142,1.3776,-0.060695
0.25816,1.4241,-0.084249
0.24218,1.411,0.16262
0.26743,1.3874,0.037714
0.27731,1.3763,-0.053853
0.26566,1.4167,-0.082202
0.24195,1.4059,0.16929
0.26961,1.3982,0.058533
0.28237,1.3765,-0.045036
0.27293,1.4098,-0.079652
0.25614,1.4704,-0.091245
0.27104,1.409,0.08022
0.28632,1.3783,-0.033789
0.2797,1.4032,-0.076667
0.26338,1.4596,-0.090008
0.2716,1.4199,0.103
0.2893,1.3821,-0.019864
0.28626,1.3973,-0.072964
0.27053,1.4492,-0.088598
0.27124,1.428,0.12373
0.29103,1.3862,-0.0047032
0.29207,1.392,-0.06846
0.27718,1.4394,-0.08684
0.26978,1.4352,0.14475
0.29188,1.3933,0.014143
0.29751,1.3884,-0.062169
0.2839,1.4302,-0.08457
0.26759,1.437,0.16133
0.29247,1.4024,0.035663
0.30202,1.3857,-0.054504
0.2902,1.4213,-0.082186
0.26459,1.4293,0.16953
0.29248,1.415,0.061398
0.30556,1.3857,-0.043582
0.2965,1.4131,-0.079266
0.27976,1.4676,-0.09106
0.29183,1.4283,0.088435
0.30798,1.389,-0.028837
0.30259,1.4061,-0.075315
0.28648,1.4564,-0.089373
0.29056,1.4392,0.11351
0.30953,1.393,-0.012779
0.30841,1.3996,-0.070884
0.29308,1.4454,-0.087605
0.28815,1.4472,0.13694
0.3093,1.3989,0.0064016
0.31319,1.3944,-0.064862
0.29905,1.435,-0.085495
0.28425,1.4513,0.15779
0.3084,1.409,0.030375
0.31707,1.3913,-0.056521
0.30482,1.4254,-0.082859
0.27977,1.4449,0.16901
0.30721,1.4213,0.057191
0.31974,1.3904,-0.045444
0.31024,1.4164,-0.079739
0.29343,1.4683,-0.091174
0.26368,1.19,-0.15801
0.23237,1.2422,-0.15778
0.20111,1.3121,-0.15755
0.17011,1.4148,-0.15154
0.057588,0.36547,-0.43656
-0.034597,-0.99252,-0.26363
-0.093457,-1.4969,-0.13775
-0.12729,-1.5799,-0.014928
-0.19913,-1.5139,-0.26267
-0.26459,-1.4538,-0.060542
-0.28882,-1.3897,0.083694
-0.2726,-1.4437,0.095815
-0.27736,-1.5452,-0.24686
-0.33336,-1.472,-0.076659
-0.35934,-1.3909,0.069322
-0.34574,-1.4217,0.090766
-0.32727,-1.4735,0.096161
-0.35981,-1.5556,-0.18338
-0.40777,-1.4398,6.94e-05
-0.41356,-1.4035,0.084683
-0.39597,-1.4408,0.093542
-0.36886,-1.62,-0.28218
-0.42728,-1.5427,-0.1324
-0.46573,-1.4211,0.042348
-0.45985,-1.4081,0.096258
-0.44034,-1.4468,0.099498
-0.42297,-1.6302,-0.25981
-0.47988,-1.5282,-0.097235
-0.51173,-1.4008,0.075614
-0.49935,-1.3752,0.13794
-0.47052,-1.391,0.16017
-0.44478,-1.5661,-0.18498
-0.48871,-1.4543,-0.019116
-0.50095,-1.3749,0.10187
-0.47992,-1.3826,0.13078
-0.45305,-1.4116,0.1417
-0.4379,-1.5811,-0.19898
-0.48541,-1.4664,-0.028715
-0.50046,-1.3798,0.10013
-0.47999,-1.3868,0.13006
-0.45327,-1.416,0.141
-0.44475,-1.5748,-0.18661
-0.49095,-1.455,-0.012851
-0.50204,-1.3769,0.1064
-0.47998,-1.385,0.135
-0.45229,-1.4146,0.14573
-0.44896,-1.5644,-0.17156
-0.49286,-1.4429,0.0027892
-0.49953,-1.3763,0.10961
-0.47656,-1.3879,0.13495
-0.44898,-1.4199,0.14377
-0.45237,-1.5587,-0.16138
-0.4949,-1.4351,0.014086
-0.49844,-1.3764,0.1124
-0.4748,-1.3899,0.13612
-0.44707,-1.4234,0.14381
-0.45686,-1.551,-0.14884
-0.49734,-1.4261,0.026692
-0.49741,-1.3762,0.11548
-0.47309,-1.3911,0.13799
-0.44505,-1.4259,0.14467
-0.46078,-1.5414,-0.1348
-0.4987,-1.4169,0.039227
-0.4952,-1.3767,0.11773
-0.47045,-1.3935,0.13858
-0.41427,-1.5963,-0.24778
-0.46435,-1.5327,-0.12181
-0.49987,-1.4093,0.05008
-0.49331,-1.3775,0.11975
-0.46819,-1.3961,0.13916
-0.41814,-1.5989,-0.24488
-0.46827,-1.5236,-0.10839
-0.5012,-1.4024,0.060303
-0.49183,-1.3781,0.12214
-0.4663,-1.3978,0.14058
5.81e-23,3.4e-20,3.4e-20
0.0010042,-0.0014211,-0.0027545
0.0014097,-0.0018839,-0.003807
0.00073877,-0.0025586,-0.0035943
0.00011391,-0.0032295,-0.0033937
-0.00052296,-0.0040119,-0.0032354
-0.0011438,-0.0048142,-0.0030642
-0.0017353,-0.0056393,-0.0029009
-0.002295,-0.0064769,-0.0027377
-0.0028228,-0.0073271,-0.0025739
-0.0033177,-0.0081857,-0.0024053
-0.0037794,-0.0090578,-0.0022363
-0.004207,-0.0099397,-0.0020635
-0.0046009,-0.010845,-0.0018976
-0.0049614,-0.011768,-0.0017313
-0.0052885,-0.01271,-0.0015623
-0.0055818,-0.013673,-0.0013916
-0.0058409,-0.01466,-0.0012196
-0.0060666,-0.015682,-0.001052
-0.006259,-0.016739,-0.00088331
-0.0064171,-0.017835,-0.00071567
-0.0065412,-0.018971,-0.00054215
-0.0066311,-0.02016,-0.00036689
-0.006686,-0.021408,-0.00018992
-0.0067063,-0.022735,-1.75e-05
-0.0066921,-0.024159,0.00014955
-0.0066436,-0.025693,0.00032039
-0.0065604,-0.027359,0.00050094
-0.0064427,-0.029215,0.00067207
-0.0062904,-0.0313,0.00085066
-0.0061027,-0.0337,0.0010256
-0.0058799,-0.036534,0.0011979
-0.0056221,-0.039985,0.0013775
-0.0053287,-0.044372,0.0015587
-0.0050001,-0.050295,0.0017321
-0.004637,-0.058946,0.0019074
-0.0042384,-0.073202,0.0020833
-0.0038044,-0.10223,0.0022578
-0.0033355,-0.19862,0.0024398
-0.016145,-0.56165,-0.38457
-0.091269,-1.1627,-0.26219
-0.15119,-1.3361,-0.10716
-0.18266,-1.3435,0.040491
-0.17494,-1.4121,0.074305
-0.14836,-1.6682,-0.69574
-0.27546,-1.8145,-0.54844
-0.38898,-1.7384,-0.34805
-0.4724,-1.5854,-0.12696
-0.51455,-1.4268,0.077394
-0.50467,-1.3841,0.15724
-0.45396,-1.0883,-0.20103
-0.4967,-1.0059,-0.050242
-0.51667,-0.90543,0.094687
-0.49845,-0.8685,0.14296
-0.46865,-0.84853,0.16437
-0.43562,-0.84286,0.16839
-0.40224,-0.8405,0.16847
-0.36884,-0.8377,0.16857
-0.33542,-0.83436,0.16866
-0.30199,-0.8303,0.16875
-0.26854,-0.82523,0.16884
-0.23507,-0.81876,0.16893
-0.20158,-0.81022,0.16903
-0.16825,-0.80505,0.16305
-0.13698,-0.81807,0.14132
-0.11068,-0.86399,0.10423
-0.091982,-0.95705,0.065794
-0.08026,-1.102,0.045491
-0.072034,-1.3155,0.033989
-0.07501,-1.0412,-0.35961
-0.14625,-1.3256,-0.22587
-0.20293,-1.3368,-0.035036
-0.2194,-1.3219,0.083529
-0.20237,-1.394,0.093752
-0.15063,-1.652,-0.68662
-0.2757,-1.8089,-0.55208
-0.38911,-1.7387,-0.35551
-0.47355,-1.5886,-0.13605
-0.51763,-1.4273,0.071546
-0.50979,-1.3765,0.15925
-0.4761,-0.51365,0.09116
-0.45691,-0.49539,0.10379
-0.43614,-0.48666,0.10488
-0.41529,-0.47825,0.10498
-0.39442,-0.46916,0.10509
-0.37353,-0.45933,0.1052
-0.35261,-0.44867,0.1053
-0.33168,-0.43707,0.10541
-0.31072,-0.4244,0.10551
-0.28974,-0.4105,0.10562
-0.26874,-0.39521,0.10574
-0.24772,-0.37832,0.10584
-0.22668,-0.35958,0.10595
-0.20561,-0.33869,0.10606
-0.18456,-0.31747,0.10404
-0.16448,-0.3038,0.093699
-0.14661,-0.2935,0.082025
-0.13104,-0.28519,0.071184
-0.11754,-0.27866,0.061533
-0.10588,-0.27388,0.053114
-0.095818,-0.27099,0.045832
-0.087146,-0.27013,0.039575
-0.079652,-0.27151,0.034166
-0.073181,-0.27548,0.02947
-0.067599,-0.28248,0.025411
-0.062797,-0.29321,0.021897
-0.058661,-0.30851,0.018887
-0.055096,-0.32977,0.016279
-0.052023,-0.35911,0.014029
-0.049372,-0.39993,0.012099
-0.047052,-0.45713,0.01102
-0.044893,-0.53996,0.010539
-0.042806,-0.66695,0.010337
-0.040749,-0.87514,0.010249
-0.038705,-1.2271,0.010207
0.01476,0.7967,0.7008
0.14385,1.3786,0.56773
0.26386,1.5513,0.40319
0.36085,1.5142,0.21215
0.4213,1.3972,0.011124
0.43342,1.3426,-0.094507
0.41457,1.3802,-0.098033
0.39499,1.4246,-0.099035
0.37167,1.3849,0.073627
0.38085,1.3545,-0.013759
0.37767,1.3503,-0.068601
0.36272,1.3799,-0.086851
0.34481,1.4244,-0.094225
0.30803,1.6511,0.2938
0.36033,1.6198,0.1777
0.39911,1.5298,0.022425
0.40999,1.489,-0.070534
0.30727,0.93892,-0.42577
0.22664,1.0061,-0.36315
0.15826,1.0763,-0.32053
0.097996,1.2146,-0.26366
-0.036208,-1.3681,-0.95738
-0.20021,-1.9999,-0.7785
-0.34859,-1.9655,-0.56597
-0.4689,-1.8152,-0.33992
-0.55233,-1.6296,-0.10814
-0.59231,-1.4455,0.11147
-0.5828,-1.2494,-0.10962
-0.61999,-1.096,0.093225
-0.61502,-0.95358,0.2604
-0.5712,-0.84539,0.37292
-0.49844,-0.81241,0.39127
-0.42351,-0.82536,0.35745
-0.35509,-0.83818,0.32293
-0.29299,-0.83839,0.30018
-0.23493,-0.82726,0.28477
-0.17959,-0.80317,0.27306
-0.12698,-0.77522,0.2474
-0.0798,-0.74183,0.20063
-0.040861,-0.6923,0.12917
-0.014332,-0.6236,0.05623
-0.012878,-0.50194,-0.3619
-0.083391,-1.1077,-0.25754
-0.14091,-1.3159,-0.11476
-0.17308,-1.3406,0.028818
-0.16763,-1.4111,0.066984
-0.13857,-1.6442,-0.70447
-0.26664,-1.8168,-0.56088
-0.38188,-1.748,-0.3617
-0.46758,-1.5975,-0.14119
-0.5128,-1.4353,0.06767
-0.50574,-1.3861,0.15432
-0.45356,-0.64176,-0.2045
-0.49701,-0.53744,-0.056089
-0.51839,-0.41477,0.092699
-0.50078,-0.35985,0.14201
-0.47118,-0.32245,0.16304
-0.43838,-0.29754,0.16763
-0.40514,-0.27532,0.16773
-0.37189,-0.25155,0.16783
-0.33862,-0.22606,0.16793
-0.30533,-0.19871,0.16803
-0.27201,-0.16933,0.16812
-0.23868,-0.13774,0.16821
-0.20533,-0.10376,0.16831
-0.17207,-0.071921,0.16382
-0.14058,-0.055126,0.144
-0.11367,-0.05761,0.10881
-0.094011,-0.073137,0.069046
-0.081679,-0.080166,0.047412
-0.073116,-0.082751,0.03524
-0.066662,-0.083586,0.027641
-0.061549,-0.083795,0.022488
-0.057351,-0.083898,0.018705
-0.05384,-0.084152,0.015762
-0.050872,-0.084667,0.013388
-0.048343,-0.08532,0.011601
-0.046097,-0.085507,0.010772
-0.043977,-0.08544,0.010414
-0.041912,-0.085263,0.010251
-0.039872,-0.085018,0.010181
-0.037842,-0.084725,0.010155
-0.035817,-0.084397,0.010143
-0.033794,-0.084037,0.01013
-0.031773,-0.083624,0.010129
-0.029751,-0.083157,0.010131
-0.027729,-0.082626,0.010136
-0.025708,-0.082028,0.010131
-0.023687,-0.081341,0.010126
-0.021667,-0.080535,0.010125
-0.019646,-0.079581,0.010125
-0.017626,-0.078432,0.01013
-0.015606,-0.077031,0.010133
-0.013586,-0.075285,0.010127
-0.011566,-0.073037,0.010123
-0.0095463,-0.070023,0.01013
-0.0075262,-0.065796,0.01013
-0.0055061,-0.059437,0.01013
-0.0034859,-0.048776,0.010132
-0.001466,-0.027261,0.010127
0.00055313,0.038811,0.010128
-4.99e-05,-0.38293,-0.38239
-0.074268,-1.0597,-0.27726
-0.13541,-1.3131,-0.13576
-0.17243,-1.3418,0.017527
-0.17011,-1.4033,0.066104
-0.12825,-1.6054,-0.70962
-0.25655,-1.816,-0.5763
-0.37363,-1.7585,-0.38018
-0.46235,-1.6124,-0.16094
-0.51165,-1.4462,0.053201
-0.50887,-1.3857,0.15143
-0.45022,-1.0618,-0.20998
-0.49372,-0.99168,-0.070816
-0.51822,-0.88442,0.084358
-0.50301,-0.83991,0.14137
-0.47344,-0.8153,0.1657
-0.43999,-0.80495,0.17168
-0.40595,-0.79911,0.17183
-0.37188,-0.79226,0.17197
-0.33778,-0.7841,0.17211
-0.30365,-0.77421,0.17226
-0.2695,-0.76199,0.17241
-0.23532,-0.74652,0.17256
-0.2011,-0.72632,0.17271
-0.16704,-0.70585,0.16648
-0.13511,-0.69821,0.14425
-0.10821,-0.71529,0.10646
-0.088984,-0.76891,0.065978
-0.077245,-0.86103,0.044636
-0.069236,-1.0074,0.032712
-0.063273,-1.2295,0.025357
-0.058587,-1.5376,0.020422
0.0006601,-0.00091418,-0.0017844
0.001579,-0.0018149,-0.0039535
0.0008127,-0.0025505,-0.0036813
0.00024944,-0.0030747,-0.0034317
-0.00036827,-0.0038145,-0.003272
-0.00098723,-0.0046025,-0.0031044
-0.0015827,-0.0054159,-0.0029394
-0.0021488,-0.0062467,-0.0027762
-0.0026845,-0.0070928,-0.0026131
-0.0031879,-0.0079497,-0.002447
-0.0036583,-0.0088202,-0.0022807
-0.0040949,-0.0096991,-0.0021091
-0.0044975,-0.0106,-0.0019446
-0.0048672,-0.011518,-0.0017773
-0.0052036,-0.012454,-0.0016076
-0.0055062,-0.013409,-0.0014354
-0.0057742,-0.014393,-0.0012684
-0.0060086,-0.015407,-0.001102
-0.0062102,-0.016452,-0.0009317
-0.0063781,-0.017534,-0.00075928
-0.0065114,-0.018658,-0.00058649
-0.0066102,-0.019834,-0.00041573
-0.0066743,-0.021066,-0.00024102
-0.0067039,-0.02237,-6.71e-05
-0.0066994,-0.023763,0.0001057
-0.0066605,-0.025261,0.00028206
-0.0065866,-0.02689,0.00045668
-0.0064775,-0.028694,0.00062393
-0.0063346,-0.030713,0.00079814
-0.0061567,-0.033017,0.00097564
-0.0059438,-0.035716,0.0011544
-0.0056956,-0.038975,0.0013344
-0.0054114,-0.043069,0.0015097
-0.0050919,-0.048494,0.0016823
-0.0047384,-0.05623,0.001857
-0.0043498,-0.068496,0.0020353
-0.0039253,-0.091742,0.0022135
-0.0034658,-0.15568,0.0023906
-0.0029703,-1.0164,0.0025716
0.064331,1.0142,0.31083
0.12888,1.3481,0.18606
0.17675,1.4012,0.026602
0.18853,1.4283,-0.065398
0.16209,1.7024,0.69266
0.28995,1.8466,0.56111
0.40862,1.8057,0.39718
0.50443,1.6834,0.20654
0.56383,1.5258,0.0025847
0.57783,1.4005,-0.16012
0.56545,1.0985,0.098638
0.59629,0.97765,-0.072484
0.59043,0.86744,-0.20544
0.55229,0.77453,-0.29778
0.49252,0.72385,-0.32795
0.42907,0.70918,-0.31254
0.36944,0.6949,-0.29292
0.31306,0.66888,-0.27962
0.2589,0.62953,-0.27043
0.20625,0.57211,-0.26409
0.15491,0.4952,-0.25235
0.10704,0.40655,-0.2199
0.065814,0.31055,-0.16218
0.033755,0.21726,-0.082153
0.018335,0.16591,-0.035772
0.012414,0.15507,-0.020818
0.0088063,0.1599,-0.014553
0.0061482,0.18984,-0.01186
0.0038962,0.35545,-0.010688
0.03878,0.77897,0.34771
0.10497,1.252,0.23141
0.15924,1.388,0.086645
0.18598,1.4038,-0.042826
0.17754,1.4789,-0.074663
0.23397,1.8197,0.62453
0.3577,1.8373,0.47204
0.46567,1.7424,0.29097
0.54178,1.5958,0.090787
0.57641,1.4446,-0.10079
0.56718,0.56904,-0.12234
0.54406,0.48682,-0.19896
0.50324,0.41329,-0.24927
0.45269,0.36252,-0.26385
0.40108,0.32466,-0.25968
0.35021,0.28116,-0.25663
0.29985,0.23128,-0.2545
0.24984,0.1743,-0.25302
0.20008,0.10939,-0.25198
0.1509,0.046001,-0.24162
0.10514,0.0031316,-0.20787
0.066174,-0.010221,-0.14963
0.036649,0.009345,-0.071528
0.023671,0.021834,-0.032845
0.018225,0.024505,-0.019634
0.0148,0.023619,-0.014046
0.012218,0.021132,-0.011624
0.010001,0.017757,-0.01057
0.0079431,0.013737,-0.010109
0.0059549,0.00912,-0.0098952
0.0040059,0.0039563,-0.0097048
0.0020952,-0.0018454,-0.0095114
0.00022307,-0.0084369,-0.0093172
-0.0016108,-0.016023,-0.0091239
-0.0034063,-0.024878,-0.0089303
-0.0051633,-0.035398,-0.0087417
-0.0068827,-0.048146,-0.0085514
-0.0085635,-0.063968,-0.0083564
-0.010206,-0.084229,-0.0081653
-0.01181,-0.1112,-0.0079738
-0.013376,-0.149,-0.0077796
-0.014904,-0.20587,-0.0075887
-0.016393,-0.30077,-0.0073906
-0.017843,-0.48625,-0.0072001
-0.019254,-0.93437,-0.0070085
-0.051078,-1.0148,-0.70218
-0.17927,-1.4483,-0.55311
-0.29363,-1.5118,-0.3521
-0.37776,-1.4173,-0.13086
-0.42013,-1.2925,0.063981
-0.41089,-1.2973,0.10012
-0.39099,-1.3379,0.10031
-0.37102,-1.3834,0.10049
-0.35103,-1.4345,0.10067
-0.33869,-1.3562,-0.050581
-0.35019,-1.3211,0.045435
-0.34018,-1.3371,0.079722
-0.3234,-1.3776,0.091431
-0.30481,-1.431,0.096424
-0.2889,-1.6379,-0.27486
-0.34678,-1.5691,-0.12031
-0.38263,-1.4607,0.048721
-0.37461,-1.4717,0.088756
-0.26942,-0.901,0.43426
-0.185,-0.95585,0.37051
-0.1125,-1.0283,0.3058
-0.051161,-1.1915,0.2312
0.086665,1.7084,0.90859
0.25952,2.0444,0.74206
0.41493,1.9851,0.54957
0.5405,1.8429,0.34411
0.62842,1.6726,0.13264
0.62829,1.462,0.31089
0.71005,1.314,0.094974
0.74766,1.139,-0.12173
0.7392,0.945,-0.33879
0.68471,0.74401,-0.54583
0.58683,0.5919,-0.68227
0.46162,0.54843,-0.68135
0.3385,0.55513,-0.60205
0.22573,0.52573,-0.51422
0.12618,0.41671,-0.41242
0.040817,0.11767,-0.27704
-0.0185,-0.39893,-0.16955
-0.054732,-0.81965,-0.079076
-0.069996,-1.0779,-0.028273
-0.074226,-1.3128,-0.0097864
-0.075332,-1.5619,0.0021642
0.0017927,0.33111,0.30615
0.064647,1.1016,0.20808
0.11071,1.3914,0.099502
0.13587,1.4881,-0.001126
0.16081,1.7495,0.71841
0.29825,1.8824,0.57321
0.42321,1.8227,0.39785
0.52008,1.6889,0.20042
0.57859,1.5259,-0.0065171
0.59108,1.3943,-0.17441
0.59572,0.6136,0.057856
0.62084,0.46197,-0.12272
0.60481,0.32414,-0.25887
0.55468,0.23082,-0.32285
0.49055,0.17978,-0.32955
0.42729,0.15085,-0.31048
0.36801,0.12101,-0.29163
0.31184,0.084051,-0.27871
0.25782,0.041072,-0.2698
0.20528,-0.0073147,-0.26362
0.15403,-0.052777,-0.25169
0.10631,-0.077266,-0.21902
0.065268,-0.071296,-0.16099
0.033493,-0.03351,-0.080893
0.018392,-0.0086315,-0.035411
0.012531,-0.0019007,-0.02069
0.0089246,-0.0007407,-0.014535
0.006252,-0.0019203,-0.01189
0.0039801,-0.0041766,-0.010732
0.0018842,-0.007023,-0.010231
-0.0001364,-0.010245,-0.010004
-0.0021228,-0.013751,-0.0098728
-0.0040838,-0.01749,-0.0097482
-0.0060189,-0.02148,-0.0096234
-0.0079283,-0.025752,-0.0094968
-0.0098122,-0.030342,-0.0093693
-0.011671,-0.035294,-0.0092403
-0.013506,-0.040659,-0.0091113
-0.015314,-0.046496,-0.0089829
-0.017097,-0.052882,-0.0088624
-0.018855,-0.059889,-0.0087314
-0.020586,-0.067629,-0.008597
-0.022292,-0.07624,-0.0084653
-0.023973,-0.085895,-0.0083441
-0.025628,-0.096795,-0.0082232
-0.027258,-0.1092,-0.0080926
-0.028863,-0.12346,-0.007961
-0.030442,-0.14006,-0.0078274
-0.031995,-0.15964,-0.0076973
-0.033522,-0.18308,-0.0075786
-0.035024,-0.21165,-0.0074551
-0.036501,-0.24722,-0.0073264
-0.037953,-0.29267,-0.0071899
-0.03938,-0.35257,-0.0070607
-0.040781,-0.43451,-0.0069399
-0.042156,-0.55151,-0.0068111
-0.043505,-0.72598,-0.0066783
-0.044829,-0.99124,-0.0065518
-0.046128,-1.3668,-0.0064235
-0.0055634,0.28148,0.34915
0.061248,1.0184,0.24152
0.11446,1.3503,0.13259
0.14843,1.4331,0.0062668
0.15077,1.5184,-0.044626
0.23402,1.8429,0.63615
0.36282,1.8547,0.47917
0.4732,1.7525,0.29364
0.55011,1.6022,0.091414
0.58514,1.4472,-0.1031
0.56347,1.1122,0.14894
0.60468,0.99427,-0.02658
0.61091,0.86517,-0.18596
0.57937,0.75011,-0.30434
0.51932,0.67852,-0.35488
0.45027,0.65329,-0.34407
0.38534,0.64151,-0.31444
0.32539,0.6152,-0.29429
0.26879,0.57349,-0.28058
0.21444,0.51281,-0.27111
0.16179,0.43073,-0.25954
0.11248,0.3371,-0.22961
0.069451,0.24014,-0.17505
0.03515,0.15286,-0.096124
0.016594,0.099119,-0.039856
0.01003,0.078705,-0.022452
0.0061707,0.062721,-0.015285
0.0034023,0.045356,-0.012198
0.0010988,0.017208,-0.010854
-0.0010028,-0.062346,-0.010272
